<?xml version="1.0" encoding="UTF-8"?>
<window>
	<defaultcontrol always="true">50</defaultcontrol>
	<backgroundcolor>background</backgroundcolor>
	<views>50,51</views>
	<menucontrol>9000</menucontrol>
	<controls>
		<include>DefaultBackground</include>
		<control type="group">
			<animation effect="fade" start="100" end="0" time="200" tween="sine" condition="$EXP[infodialog_active]">Conditional</animation>
			<control type="group">
				<description>Guide Timeline</description>
				<visible>Control.IsVisible(50) | Control.IsVisible(51)</visible>
				<include>OpenClose_Right</include>
				<include>Visible_Right</include>
				<control type="group">
					<top>140</top>
					<depth>DepthContentPanel</depth>
					<control type="image">
						<left>0</left>
						<top>-10</top>
						<width>100%</width>
						<bottom>336</bottom>
						<texture colordiffuse="E6FFFFFF">dialogs/dialog-bg-nobo.png</texture>
					</control>
					<control type="epggrid" id="50">
						<left>0</left>
						<top>0</top>
						<right>20</right>
						<bottom>340</bottom>
						<pagecontrol>60</pagecontrol>
						<scrolltime tween="quadratic" easing="out">300</scrolltime>
						<timeblocks>34</timeblocks>
						<rulerunit>6</rulerunit>
						<onleft>9000</onleft>
						<onright>60</onright>
						<onup>50</onup>
						<ondown>50</ondown>
						<viewtype label="19297">list</viewtype>
						<progresstexture border="0,60,18,14" colordiffuse="$VAR[SkinColorVar]">windows/pvr/epg_progress.png</progresstexture>
						<rulerlayout height="45" width="1400">
							<control type="label">
								<width>365</width>
								<height>45</height>
								<font>font12</font>
								<label>$INFO[ListItem.Label]</label>
								<textoffsetx>10</textoffsetx>
								<textcolor>$VAR[SkinColorVar]</textcolor>
							</control>
						</rulerlayout>
						<channellayout height="62" width="350">
							<control type="image">
								<left>7</left>
								<top>3</top>
								<width>65</width>
								<height>56</height>
								<texture fallback="DefaultTVGuide.png">$INFO[ListItem.Icon]</texture>
								<aspectratio align="center" aligny="center">keep</aspectratio>
							</control>
							<control type="label" id="1">
								<left>68</left>
								<top>-2</top>
								<width>300</width>
								<height>60</height>
								<font>font12</font>
								<label>$INFO[ListItem.ChannelName]</label>
								<aligny>center</aligny>
								<textoffsetx>10</textoffsetx>
							</control>
						</channellayout>
						<focusedchannellayout height="62" width="350">
							<control type="image">
								<left>7</left>
								<top>3</top>
								<width>65</width>
								<height>56</height>
								<texture fallback="DefaultTVGuide.png">$INFO[ListItem.Icon]</texture>
								<aspectratio align="center" aligny="center">keep</aspectratio>
							</control>
							<control type="label" id="1">
								<left>68</left>
								<top>-2</top>
								<width>300</width>
								<height>60</height>
								<font>font12</font>
								<label>$INFO[ListItem.ChannelName]</label>
								<textcolor>$VAR[SkinColorVar]</textcolor>
								<aligny>center</aligny>
								<textoffsetx>10</textoffsetx>
								<scroll>true</scroll>
							</control>
						</focusedchannellayout>
						<itemlayout height="62" width="60">
							<control type="image" id="2">
								<width>58</width>
								<height>58</height>
								<texture border="3" fallback="windows/pvr/epg-genres/0.png">$INFO[ListItem.Genre,special://skin/extras/epg-genres/,.png]</texture>
							</control>
							<control type="label" id="1">
								<left>6</left>
								<top>0</top>
								<width>50</width>
								<height>36</height>
								<aligny>center</aligny>
								<font>font12</font>
								<label>$INFO[ListItem.Label]</label>
							</control>
							<control type="image">
								<left>6</left>
								<top>35</top>
								<width>20</width>
								<height>20</height>
								<texture>$VAR[PVRTimerIcon]</texture>
							</control>
						</itemlayout>
						<focusedlayout height="62" width="60">
							<control type="image" id="2">
								<top>2</top>
								<left>2</left>
								<width>54</width>
								<height>54</height>
								<texture colordiffuse="$VAR[SkinColorVar]">lists/focus.png</texture>
								<visible>Control.HasFocus(50)</visible>
							</control>
							<control type="image" id="2">
								<width>58</width>
								<height>58</height>
								<texture border="8" colordiffuse="$VAR[SkinColorVar]">buttons/thumbnail_focused.png</texture>
							</control>
							<control type="image" id="2">
								<width>58</width>
								<height>58</height>
								<top>0</top>
								<texture border="3" fallback="windows/pvr/epg-genres/0.png">$INFO[ListItem.Genre,special://skin/extras/epg-genres/,.png]</texture>
								<visible>!Control.HasFocus(50)</visible>
							</control>
							<control type="label" id="1">
								<left>6</left>
								<top>0</top>
								<width>50</width>
								<height>36</height>
								<aligny>center</aligny>
								<font>font12</font>
								<label>$INFO[ListItem.Label]</label>
								<scroll>true</scroll>
							</control>
							<control type="image">
								<left>6</left>
								<top>35</top>
								<width>20</width>
								<height>20</height>
								<texture>$VAR[PVRTimerIcon]</texture>
							</control>
						</focusedlayout>
					</control>
					<control type="epggrid" id="51">
						<left>0</left>
						<top>0</top>
						<right>15</right>
						<bottom>340</bottom>
						<orientation>horizontal</orientation>
						<pagecontrol>60</pagecontrol>
						<scrolltime tween="quadratic" easing="out">300</scrolltime>
						<timeblocks>34</timeblocks>
						<rulerunit>6</rulerunit>
						<onleft>9000</onleft>
						<onright>60</onright>
						<onup>50</onup>
						<ondown>50</ondown>
						<viewtype label="19298">list</viewtype>
						<progresstexture border="5,10,5,10" colordiffuse="$VAR[SkinColorVar]">windows/pvr/epg_progress_horizontal.png</progresstexture>
						<rulerdatelayout height="45" width="1920">
							<control type="label">
								<top>-4</top>
								<left>10</left>
								<right>0</right>
								<height>45</height>
								<font>font12</font>
								<label>$INFO[ListItem.Label]</label>
								<textcolor>$VAR[SkinColorVar]</textcolor>
								<align>left</align>
								<aligny>center</aligny>
							</control>
						</rulerdatelayout>
						<rulerlayout height="70" width="90">
							<control type="label">
								<width>90</width>
								<height>70</height>
								<font>font12</font>
								<label>$INFO[ListItem.Label]</label>
								<textoffsetx>10</textoffsetx>
								<textcolor>$VAR[SkinColorVar]</textcolor>
							</control>
						</rulerlayout>
						<channellayout height="58" width="363">
							<control type="image" id="121212">
								<left>2</left>
								<top>3</top>
								<width>85</width>
								<height>50</height>
								<texture fallback="fallback.png">$INFO[ListItem.Icon]</texture>
								<aspectratio align="center" aligny="center">keep</aspectratio>
							</control>
							<control type="label">
								<left>2</left>
								<top>-2</top>
								<width>85</width>
								<height>60</height>
								<font>font24_title</font>
								<label>$INFO[ListItem.ChannelNumber]</label>
								<align>center</align>
								<aligny>center</aligny>
								<visible>String.IsEqual(Control.GetLabel(121212),fallback.png)</visible>
							</control>
							<control type="label" id="1">
								<left>90</left>
								<top>-2</top>
								<width>271</width>
								<height>60</height>
								<font>font12</font>
								<label>$INFO[ListItem.ChannelName]</label>
								<aligny>center</aligny>
								<textoffsetx>10</textoffsetx>
							</control>
						</channellayout>
						<focusedchannellayout height="58" width="363">
							<control type="image" id="121213">
								<left>2</left>
								<top>3</top>
								<width>85</width>
								<height>50</height>
								<texture fallback="fallback.png">$INFO[ListItem.Icon]</texture>
								<aspectratio align="center" aligny="center">keep</aspectratio>
							</control>
							<control type="label">
								<left>2</left>
								<top>-2</top>
								<width>85</width>
								<height>60</height>
								<font>font24_title</font>
								<label>$INFO[ListItem.ChannelNumber]</label>
								<textcolor>$VAR[SkinColorVar]</textcolor>
								<align>center</align>
								<aligny>center</aligny>
								<visible>String.IsEqual(Control.GetLabel(121213),fallback.png)</visible>
							</control>
							<control type="label" id="1">
								<left>90</left>
								<top>-2</top>
								<width>271</width>
								<height>60</height>
								<font>font12</font>
								<label>$INFO[ListItem.ChannelName]</label>
								<scroll>true</scroll>
								<textcolor>$VAR[SkinColorVar]</textcolor>
								<aligny>center</aligny>
								<textoffsetx>10</textoffsetx>
							</control>
						</focusedchannellayout>
						<itemlayout height="58" width="60">
							<control type="image" id="2">
								<width>58</width>
								<height>58</height>
								<texture border="3" fallback="windows/pvr/epg-genres/0.png">$INFO[ListItem.Genre,special://skin/extras/epg-genres/,.png]</texture>
							</control>
							<control type="label" id="1">
								<left>6</left>
								<top>0</top>
								<width>50</width>
								<height>36</height>
								<aligny>center</aligny>
								<font>font12</font>
								<label>$INFO[ListItem.Label]</label>
							</control>
							<control type="image">
								<left>6</left>
								<top>32</top>
								<width>20</width>
								<height>20</height>
								<texture>$VAR[PVRTimerIcon]</texture>
							</control>
						</itemlayout>
						<focusedlayout height="58" width="60">
							<control type="image" id="2">
								<top>2</top>
								<left>2</left>
								<width>54</width>
								<height>54</height>
								<texture colordiffuse="$VAR[SkinColorVar]">lists/focus.png</texture>
								<visible>Control.HasFocus(51)</visible>
							</control>
							<control type="image" id="2">
								<width>58</width>
								<height>58</height>
								<texture border="8" colordiffuse="$VAR[SkinColorVar]">buttons/thumbnail_focused.png</texture>
							</control>
							<control type="image" id="2">
								<width>58</width>
								<height>58</height>
								<top>0</top>
								<texture border="3" fallback="windows/pvr/epg-genres/0.png">$INFO[ListItem.Genre,special://skin/extras/epg-genres/,.png]</texture>
								<visible>!Control.HasFocus(51)</visible>
							</control>
							<control type="label" id="1">
								<left>6</left>
								<top>0</top>
								<width>50</width>
								<height>36</height>
								<aligny>center</aligny>
								<font>font12</font>
								<label>$INFO[ListItem.Label]</label>
								<scroll>true</scroll>
							</control>
							<control type="image">
								<left>6</left>
								<top>32</top>
								<width>20</width>
								<height>20</height>
								<texture>$VAR[PVRTimerIcon]</texture>
							</control>
						</focusedlayout>
					</control>
					<control type="scrollbar" id="60">
						<right>0</right>
						<top>103</top>
						<width>12</width>
						<bottom>336</bottom>
						<onleft>50</onleft>
						<onright>50</onright>
						<orientation>vertical</orientation>
						<texturesliderbackground colordiffuse="22FFFFFF">colors/white.png</texturesliderbackground>
						<animation effect="fade" start="100" end="40" time="0" condition="!system.getbool(input.enablemouse)">Conditional</animation>
						<visible>Control.IsVisible(51)</visible>
					</control>
					<control type="scrollbar" id="60">
						<right>0</right>
						<top>47</top>
						<width>12</width>
						<bottom>340</bottom>
						<onleft>10</onleft>
						<onright>10</onright>
						<orientation>vertical</orientation>
						<texturesliderbackground colordiffuse="22FFFFFF">colors/white.png</texturesliderbackground>
						<animation effect="fade" start="100" end="40" time="0" condition="!system.getbool(input.enablemouse)">Conditional</animation>
						<visible>Control.IsVisible(50)</visible>
					</control>
				</control>
				<control type="group">
					<bottom>0</bottom>
					<height>300</height>
					<control type="videowindow">
						<left>30</left>
						<width>242</width>
						<height>202</height>
						<visible>Player.HasVideo</visible>
					</control>
					<control type="image">
						<left>10</left>
						<width>240</width>
						<height>200</height>
						<aspectratio align="right">keep</aspectratio>
						<fadetime>400</fadetime>
						<texture fallback="DefaultTVGuide.png">$INFO[ListItem.Icon]</texture>
						<visible>!Player.HasVideo</visible>
					</control>
					<control type="label">
						<top>-9</top>
						<left>300</left>
						<right>540</right>
						<height>30</height>
						<textcolor>$VAR[SkinColorVar]</textcolor>
						<label>$INFO[ListItem.StartTime,, - ]$INFO[ListItem.EndTime][B]$INFO[ListItem.EpgEventTitle,  [COLOR white],[/COLOR]]$INFO[ListItem.EpisodeName, [COLOR white](,)[/COLOR]][/B]</label>
						<scroll>true</scroll>
					</control>
					<control type="label">
						<top>-9</top>
						<width>500</width>
						<right>30</right>
						<height>30</height>
						<align>right</align>
						<textcolor>$VAR[SkinColorVar]</textcolor>
						<label>$INFO[ListItem.Genre, $LOCALIZE[515] : [COLOR white],[/COLOR]]</label>
						<scroll>true</scroll>
					</control>
					<control type="textbox">
						<left>300</left>
						<top>38</top>
						<right>30</right>
						<height>173</height>
						<align>justify</align>
						<label>$INFO[ListItem.Plot]</label>
						<autoscroll delay="10000" time="3000" repeat="10000">Skin.HasSetting(AutoScroll)</autoscroll>
						<visible>!String.IsEqual(Skin.Font, Arial)</visible>
					</control>
					<control type="textbox">
						<left>300</left>
						<top>38</top>
						<right>30</right>
						<height>165</height>
						<align>justify</align>
						<label>$INFO[ListItem.Plot]</label>
						<autoscroll delay="10000" time="3000" repeat="10000">Skin.HasSetting(AutoScroll)</autoscroll>
						<visible>String.IsEqual(Skin.Font, Arial)</visible>
					</control>
				</control>
			</control>
			<include>PVRChannelNumberInput</include>
			<include content="TopBar">
				<param name="breadcrumbs_label" value="$VAR[BreadcrumbsPVRGuideVar]" />
				<param name="sublabel" value="" />
			</include>
			<include content="BottomBar">
				<param name="info_visible" value="true" />
			</include>
			<control type="group">
				<include>MediaMenuCommon</include>
				<include content="PVRSideBar">
					<param name="group_label2" value="$INFO[Control.GetLabel(30)]" />
				</include>
			</control>
		</control>
		<control type="label" id="29">
			<font></font>
			<include>HiddenObject</include>
		</control>
		<control type="label" id="30">
			<font></font>
			<include>HiddenObject</include>
		</control>
	</controls>
</window>