<?xml version="1.0" encoding="utf-8"?>
<window>
	<defaultcontrol always="true">9000</defaultcontrol>
	<onload>SetProperty(infobackground,$ESCINFO[ListItem.Art(fanart)],home)</onload>
	<onunload>ClearProperty(infobackground,home)</onunload>
	<controls>
		<control type="group">
			<centertop>50%</centertop>
			<height>1080</height>
			<centerleft>50%</centerleft>
			<width>1920</width>
			<control type="group">
				<include>OpenClose_Left</include>
				<top>158</top>
				<left>30</left>
				<control type="button" id="1300">
					<top>-2</top>
					<left>20</left>
					<width>622</width>
					<height>622</height>
					<onright>130</onright>
					<ondown>9000</ondown>
					<label/>
					<texturenofocus/>
					<visible>Container.Content(albums) + !String.IsEmpty(Window(Home).Property(SkinHelper.ListItem.Art.ThumbBack))</visible>
				</control>
				<control type="image">
					<left>24</left>
					<top>2</top>
					<width>614</width>
					<height>614</height>
					<aspectratio>scale</aspectratio>
					<texture>dialogs/dialog-bg-nobo.png</texture>
					<bordertexture border="21">overlays/shadow.png</bordertexture>
					<bordersize>20</bordersize>
				</control>
				<control type="image">
					<depth>DepthContentPopout</depth>
					<left>44</left>
					<top>22</top>
					<width>574</width>
					<height>574</height>
					<aspectratio aligny="top">scale</aspectratio>
					<fadetime>300</fadetime>
					<texture background="true" fallback="DefaultAudio.png">$VAR[MusicInfoThumbVar]</texture>
					<animation effect="fade" time="150">VisibleChange</animation>
				</control>
				<control type="image">
					<depth>DepthContentPopout</depth>
					<left>44</left>
					<top>22</top>
					<width>574</width>
					<height>574</height>
					<aspectratio aligny="top">scale</aspectratio>
					<fadetime>300</fadetime>
					<texture background="true">$INFO[Window(Home).Property(SkinHelper.ListItem.Art.ThumbBack)]</texture>
					<animation effect="fade" time="150">VisibleChange</animation>
					<visible>Control.HasFocus(1300) + Container.Content(albums) + !String.IsEmpty(Window(Home).Property(SkinHelper.ListItem.Art.ThumbBack))</visible>
				</control>
			</control>
			<control type="group">
				<include>OpenClose_Right</include>
				<include>Visible_Right</include>
				<left>90</left>
				<visible>![Window.Is(songinformation) + Window.IsActive(musicinformation)]</visible>
				<control type="group">
					<visible>Integer.IsEqual(Container(50).NumItems,0) + String.IsEmpty(Control.GetLabel(400))</visible>
					<top>160</top>
					<control type="button" id="130">
						<left>586</left>
						<width>1190</width>
						<height>614</height>
						<onleft condition="Container.Content(albums)">1300</onleft>
						<onup>50</onup>
						<ondown>9000</ondown>
						<label/>
					</control>
					<control type="image">
						<left>616</left>
						<top>30</top>
						<width>1130</width>
						<height>554</height>
						<aspectratio aligny="top">scale</aspectratio>
						<texture>$INFO[ListItem.Art(fanart)]</texture>
						<visible>String.IsEmpty(Control.GetLabel(400))</visible>
					</control>
					<control type="group">
						<visible>String.IsEmpty(ListItem.Art(fanart))</visible>
						<control type="image">
							<left>616</left>
							<top>30</top>
							<width>1130</width>
							<height>554</height>
							<aspectratio>scale</aspectratio>
							<texture colordiffuse="AAFFFFFF">colors/black.png</texture>
						</control>
						<control type="textbox">
							<left>616</left>
							<top>30</top>
							<width>1130</width>
							<height>554</height>
							<align>center</align>
							<aligny>center</aligny>
							<font>font45_title</font>
							<label>$LOCALIZE[19055]</label>
						</control>
					</control>
				</control>
				<control type="group">
					<visible>!Integer.IsEqual(Container(50).NumItems,0) | !String.IsEmpty(Control.GetLabel(400))</visible>
					<top>454</top>
					<control type="button">
						<onup>50</onup>
						<ondown>9000</ondown>
						<left>586</left>
						<top>-295</top>
						<width>1190</width>
						<height>320</height>
						<label/>
						<visible>Integer.IsEqual(Container(50).NumItems,0)</visible>
					</control>
					<control type="button" id="130">
						<onup>50</onup>
						<ondown>9000</ondown>
						<onleft conditon="Container.Content(albums)">1300</onleft>
						<left>586</left>
						<width>1190</width>
						<height>320</height>
						<label/>
						<texturenofocus border="21">dialogs/dialog-bg.png</texturenofocus>
						<onclick>SetProperty(TextViewer_Header,$LOCALIZE[21821],home)</onclick>
						<onclick>SetProperty(TextViewer_Text,$ESCVAR[MusicInfoTextboxVar],home)</onclick>
						<onclick>ActivateWindow(1102)</onclick>
					</control>
					<control type="group">
						<animation effect="slide" start="0,0" end="0,-295" time="0" condition="Integer.IsEqual(Container(50).NumItems,0)">Conditional</animation>
						<visible>[!Integer.IsEqual(Container(50).NumItems,0) + String.IsEmpty(Control.GetLabel(400))] | [Integer.IsEqual(Container(50).NumItems,0) + !String.IsEmpty(Control.GetLabel(400))]</visible>
						<control type="image">
							<left>616</left>
							<top>30</top>
							<width>1130</width>
							<height>260</height>
							<aspectratio align="center" aligny="center">keep</aspectratio>
							<texture>$VAR[BannerArtVar]</texture>
							<visible>![String.IsEmpty(ListItem.Art(banner)) + String.IsEmpty(Window(Home).Property(SkinHelper.ListItem.Art.Banner))]</visible>
						</control>
						<control type="image">
							<left>616</left>
							<top>30</top>
							<width>1130</width>
							<height>260</height>
							<aspectratio aligny="top">scale</aspectratio>
							<texture>$INFO[ListItem.Art(fanart)]</texture>
							<visible>String.IsEmpty(ListItem.Art(banner)) + String.IsEmpty(Window(Home).Property(SkinHelper.ListItem.Art.Banner))</visible>
						</control>
					</control>
				</control>
				<control type="textbox" id="400">
					<left>626</left>
					<top>490</top>
					<width>1113</width>
					<height>250</height>
					<align>justify</align>
					<label>$VAR[MusicInfoTextboxVar]</label>
					<wrapmultiline>true</wrapmultiline>
					<textcolor>$VAR[SkinColorVar]</textcolor>
					<autoscroll delay="7000" time="4500" repeat="7000">Skin.HasSetting(AutoScroll)</autoscroll>
					<visible>!String.IsEqual(Skin.Font, Arial)</visible>
				</control>
				<control type="textbox" id="400">
					<left>626</left>
					<top>485</top>
					<width>1113</width>
					<height>258</height>
					<align>justify</align>
					<label>$VAR[MusicInfoTextboxVar]</label>
					<wrapmultiline>true</wrapmultiline>
					<textcolor>$VAR[SkinColorVar]</textcolor>
					<autoscroll delay="7000" time="4500" repeat="7000">Skin.HasSetting(AutoScroll)</autoscroll>
					<visible>String.IsEqual(Skin.Font, Arial)</visible>
				</control>
				<control type="panel" id="50">
					<left>586</left>
					<top>170</top>
					<width>1185</width>
					<height>360</height>
					<ondown>130</ondown>
					<onup>9000</onup>
					<orientation>horizontal</orientation>
					<visible>!String.IsEqual(ListItem.DBType,artist)</visible>
					<itemlayout height="72.5" width="585" condition="Container.Content(songs)">
						<control type="image">
							<top>-10</top>
							<width>605</width>
							<height>100</height>
							<texture border="21">buttons/button-nofo.png</texture>
						</control>
						<control type="label">
							<left>40</left>
							<top>10</top>
							<width>525</width>
							<height>60</height>
							<font>font12</font>
							<aligny>center</aligny>
							<label>$INFO[ListItem.Label,,[COLOR white] - ]$INFO[ListItem.Label2,,[/COLOR]]</label>
							<textcolor>$VAR[SkinColorVar]</textcolor>
						</control>
					</itemlayout>
					<focusedlayout height="72.5" width="585" condition="Container.Content(songs)">
						<control type="image">
							<top>-10</top>
							<width>605</width>
							<height>100</height>
							<texture border="21" colordiffuse="$VAR[SkinColorVar]">buttons/button-fo.png</texture>
						</control>
						<control type="label">
							<left>40</left>
							<top>10</top>
							<width>525</width>
							<height>60</height>
							<font>font12</font>
							<aligny>center</aligny>
							<label>$INFO[ListItem.Label,[COLOR white], - [/COLOR]]$INFO[ListItem.Label2]</label>
							<scroll>true</scroll>
						</control>
					</focusedlayout>
					<itemlayout height="72.5" width="585" condition="Container.Content(albums)">
						<control type="image">
							<top>-10</top>
							<width>605</width>
							<height>100</height>
							<texture border="21">buttons/button-nofo.png</texture>
						</control>
						<control type="label">
							<left>40</left>
							<top>10</top>
							<width>525</width>
							<height>60</height>
							<font>font12</font>
							<aligny>center</aligny>
							<label>$INFO[ListItem.TrackNumber,,[COLOR white] - ]$INFO[ListItem.Label][/COLOR]</label>
							<textcolor>$VAR[SkinColorVar]</textcolor>
						</control>
					</itemlayout>
					<focusedlayout height="72.5" width="585" condition="Container.Content(albums)">
						<control type="group">
							<control type="image">
								<top>-10</top>
								<width>605</width>
								<height>100</height>
								<texture border="21" colordiffuse="$VAR[SkinColorVar]">buttons/button-fo.png</texture>
							</control>
							<control type="label">
								<left>40</left>
								<top>10</top>
								<width>525</width>
								<height>60</height>
								<font>font12</font>
								<aligny>center</aligny>
								<label>$INFO[ListItem.TrackNumber,[COLOR white], - [/COLOR]]$INFO[ListItem.Label]</label>
								<scroll>true</scroll>
							</control>
						</control>
					</focusedlayout>
				</control>
				<control type="panel" id="50">
					<left>585</left>
					<top>170</top>
					<width>1190</width>
					<height>360</height>
					<ondown>130</ondown>
					<onup>9000</onup>
					<orientation>horizontal</orientation>
					<visible>String.IsEqual(ListItem.DBType,artist)</visible>
					<itemlayout height="360" width="235.3" condition="Container.Content(artists)">
						<control type="image">
							<top>-10</top>
							<width>250</width>
							<height>312</height>
							<texture border="21">buttons/button-nofo.png</texture>
						</control>
						<control type="image">
							<left>30</left>
							<top>21</top>
							<width>190</width>
							<height>190</height>
							<texture border="2" fallback="DefaultAudio.png" background="true">$INFO[ListItem.Thumb]</texture>
							<aspectratio>stretch</aspectratio>
							<bordertexture colordiffuse="border_alpha">colors/black.png</bordertexture>
							<bordersize>4</bordersize>
						</control>
						<control type="textbox">
							<left>28</left>
							<top>212</top>
							<width>196</width>
							<height>62</height>
							<font>font27_narrow</font>
							<align>center</align>
							<aligny>center</aligny>
							<label>$INFO[ListItem.Label]</label>
							<visible>!String.IsEqual(Skin.Font, Arial)</visible>
						</control>
						<control type="textbox">
							<left>28</left>
							<top>212</top>
							<width>196</width>
							<height>64</height>
							<font>fontplot</font>
							<align>center</align>
							<aligny>center</aligny>
							<label>$INFO[ListItem.Label]</label>
							<visible>String.IsEqual(Skin.Font, Arial)</visible>
						</control>
					</itemlayout>
					<focusedlayout height="360" width="235.3" condition="Container.Content(artists)">
						<control type="group">
							<animation effect="zoom" start="100" end="105" time="200" tween="sine" easing="inout" center="160,180">Focus</animation>
							<animation effect="zoom" start="105" end="100" time="200" tween="sine" easing="inout" center="160,180">UnFocus</animation>
							<control type="image">
								<top>-10</top>
								<width>250</width>
								<height>312</height>
								<texture border="21">buttons/button-nofo.png</texture>
							</control>
							<control type="image">
								<left>30</left>
								<top>21</top>
								<width>190</width>
								<height>190</height>
								<texture border="2" fallback="DefaultAudio.png" background="true">$INFO[ListItem.Thumb]</texture>
								<aspectratio>stretch</aspectratio>
								<bordertexture colordiffuse="border_alpha">colors/black.png</bordertexture>
								<bordersize>4</bordersize>
							</control>
							<control type="textbox">
								<left>28</left>
								<top>212</top>
								<width>196</width>
								<height>62</height>
								<font>font27_narrow</font>
								<align>center</align>
								<aligny>center</aligny>
								<autoscroll delay="1000" time="1000" repeat="1000">true</autoscroll>
								<label>$INFO[ListItem.Label]</label>
								<visible>!String.IsEqual(Skin.Font, Arial)</visible>
							</control>
							<control type="textbox">
								<left>28</left>
								<top>212</top>
								<width>196</width>
								<height>64</height>
								<font>fontplot</font>
								<align>center</align>
								<aligny>center</aligny>
								<autoscroll delay="1000" time="1000" repeat="1000">true</autoscroll>
								<label>$INFO[ListItem.Label]</label>
								<visible>String.IsEqual(Skin.Font, Arial)</visible>
							</control>
							<control type="image">
								<left>16</left>
								<top>6</top>
								<width>218</width>
								<height>280</height>
								<texture border="8" colordiffuse="$VAR[SkinColorVar]">buttons/thumbnail_focused.png</texture>
								<animation effect="fade" start="100" end="0" time="200">Unfocus</animation>
							</control>
						</control>
					</focusedlayout>
					<content sortby="year" sortorder="ascending" condition="Container.Content(artists)">musicdb://artists/$INFO[ListItem.DBID]/</content>
				</control>
				<control type="grouplist" id="9000">
					<left>-47</left>
					<top>820</top>
					<width>1834</width>
					<height>300</height>
					<onleft>9000</onleft>
					<onright>9000</onright>
					<onup>130</onup>
					<ondown>50</ondown>
					<align>center</align>
					<itemgap>-3.6</itemgap>
					<orientation>horizontal</orientation>
					<control type="radiobutton" id="155">
						<include content="VideoInfoButtonsCommon">
							<param name="icon" value="icons/infodialogs/play.png" />
						</include>
						<label>$LOCALIZE[208]</label>
						<onup>130</onup>
						<onleft>12</onleft>
						<onright>120</onright>
						<onclick condition="System.HasAddon(script.playalbum) + String.IsEqual(ListItem.DBType,album)">RunScript(script.playalbum,albumid=$INFO[ListItem.DBID])</onclick>
						<onclick condition="System.HasAddon(script.playalbum) + String.IsEqual(ListItem.DBType,song)">RunScript(script.playalbum,songid=$INFO[ListItem.DBID])</onclick>
						<onclick condition="System.HasAddon(script.playalbum)">Action(close)</onclick>
						<onclick condition="!System.HasAddon(script.playalbum)">InstallAddon(script.playalbum)</onclick>
						<visible>[String.IsEqual(ListItem.DBType,album) | String.IsEqual(ListItem.DBType,song)] + !String.IsEmpty(ListItem.Dbid)</visible>
					</control>
					<include content="InfoDialogButton">
						<param name="id" value="10" />
						<param name="icon" value="icons/infodialogs/thumb.png" />
						<param name="label" value="$LOCALIZE[13405]" />
					</include>
					<include content="InfoDialogButton">
						<param name="id" value="12" />
						<param name="icon" value="icons/infodialogs/image.png" />
						<param name="label" value="$LOCALIZE[20413]" />
					</include>
					<control type="radiobutton" id="120">
						<include content="VideoInfoButtonsCommon">
							<param name="icon" value="icons/infodialogs/fullscreen.png" />
						</include>
						<label>$LOCALIZE[31028]</label>
						<enable>!String.IsEmpty(ListItem.Art(fanart))</enable>
						<onclick>SetProperty(fanart,$ESCINFO[ListItem.Art(fanart)],home)</onclick>
						<onclick>ActivateWindow(1104)</onclick>
						<visible>String.IsEqual(ListItem.DBType,artist) | String.IsEqual(ListItem.DBType,album)</visible>
					</control>
					<control type="radiobutton" id="440">
						<label>$LOCALIZE[31114]</label>
						<include content="VideoInfoButtonsCommon">
							<param name="icon" value="icons/infodialogs/youtube.png" />
						</include>
						<onclick>Action(close)</onclick>
						<visible>System.hasAddon(script.extendedinfo)</visible>
						<onclick condition="!String.IsEqual(ListItem.DBType,song)">RunScript(script.extendedinfo,info=youtubebrowser,id=$INFO[ListItem.Artist] $INFO[ListItem.Album])</onclick>
						<onclick condition="String.IsEqual(ListItem.DBType,song)">RunScript(script.extendedinfo,info=youtubebrowser,id=$INFO[ListItem.Artist] $INFO[ListItem.Title])</onclick>
					</control>
					<control type="group" id="420">
						<width>262</width>
						<visible>String.IsEqual(ListItem.DBType,album) | String.IsEqual(ListItem.DBType,song)</visible>
						<control type="button" id="7">
							<include content="VideoInfoButtonsCommon">
								<param name="icon" value="" />
							</include>
							<label>$LOCALIZE[31033]</label>
							<onup>130</onup>
							<onleft>440</onleft>
							<onright condition="!System.HasAddon(script.libraryeditor)">6</onright>
							<onright condition="System.HasAddon(script.libraryeditor)">442</onright>
							<onup condition="Integer.IsGreater(Container(5000).CurrentItem,3)">210</onup>
							<onup condition="!Integer.IsGreater(Container(5000).CurrentItem,3)">138</onup>
						</control>
						<control type="label">
							<label>$INFO[ListItem.UserRating]</label>
							<font>font45_title</font>
							<left>0</left>
							<top>24</top>
							<width>262</width>
							<align>center</align>
						</control>
						<control type="image">
							<texture>icons/infodialogs/rating.png</texture>
							<left>107</left>
							<top>30</top>
							<width>48</width>
							<height>48</height>
							<align>center</align>
							<visible>String.IsEmpty(ListItem.UserRating)</visible>
						</control>
					</control>
					<include content="InfoDialogButton">
						<param name="id" value="442" />
						<param name="icon" value="icons/infodialogs/edit.png" />
						<param name="onclick_1" value="RunScript(script.libraryeditor,DBID=$INFO[ListItem.DBID])" />
						<param name="label" value="$LOCALIZE[21435]" />
						<param name="visible" value="System.HasAddon(script.libraryeditor)" />
					</include>
					<include content="InfoDialogButton">
						<param name="id" value="6" />
						<param name="icon" value="icons/infodialogs/update.png" />
						<param name="label" value="$LOCALIZE[184]" />
					</include>				
				</control>
				<include content="LeftRightArrows">
					<param name="list_id" value="50" />
					<param name="left_posx" value="562" />
					<param name="right_posx" value="1771" />
					<param name="posy" value="300" />
					<param name="visible" value="true" />
				</include>
			</control>
			<control type="group">
				<visible>String.IsEqual(ListItem.DBType,artist)</visible>
				<include content="InfoDialogTopBarInfo">
					<param name="main_label" value="$INFO[ListItem.Artist]" />
					<param name="sub_label" value="$VAR[AlbumsCount]" />
					<param name="id" value="33333" />
					<param name="subtextcolor" value="$VAR[SkinColorVar]" />
				</include>
			</control>
			<control type="group">
				<visible>String.IsEqual(ListItem.DBType,album)</visible>
				<include content="InfoDialogTopBarInfo">
					<param name="main_label" value="$INFO[ListItem.Album]$INFO[ListItem.Year, (,)]" />
					<param name="sub_label" value="$INFO[ListItem.Artist]" />
					<param name="id" value="33334" />
					<param name="subtextcolor" value="$VAR[SkinColorVar]" />
				</include>
			</control>
			<control type="group">
				<visible>String.IsEqual(ListItem.DBType,song) + !Window.IsActive(musicinformation)</visible>
				<include content="InfoDialogTopBarInfo">
					<param name="main_label" value="$INFO[ListItem.TrackNumber,,. ]$INFO[ListItem.Title]" />
					<param name="sub_label" value="$INFO[ListItem.Artist,, - ]$INFO[ListItem.Album]$INFO[ListItem.Year, (,)]" />
					<param name="id" value="33335" />
					<param name="subtextcolor" value="$VAR[SkinColorVar]" />
				</include>
			</control>
			<control type="group">
				<visible>Control.HasFocus(130)</visible>
				<animation effect="fade" time="200">VisibleChange</animation>
				<bottom>13</bottom>
				<height>36</height>
				<left>0</left>
				<control type="image">
					<top>4</top>
					<left>17</left>
					<width>36</width>
					<height>36</height>
					<texture>lists/played-total.png</texture>
				</control>
				<control type="label">
					<left>74</left>
					<right>17</right>
					<font>font25_title</font>
					<aligny>center</aligny>
					<label>$VAR[DialogMusicInfoThumbBackVar]</label>
				</control>
			</control>
		</control>
		<include condition="Skin.HasSetting(touchmode)">TouchBackButton</include>
	</controls>
</window>
