<?xml version="1.0" encoding="UTF-8"?>
<window>
	<animation effect="fade" time="400">WindowOpen</animation>
	<animation effect="fade" time="400">WindowClose</animation>
	<backgroundcolor>background</backgroundcolor>
	<controls>
		<include>DefaultBackground</include>
		<control type="group" id="100">
			<control type="label" id="110">
				<font></font>
			</control>
			<control type="label" id="120">
				<font></font>
			</control>
			<control type="label" id="130">
				<font></font>
			</control>
			<control type="label" id="140">
				<font></font>
			</control>
			<control type="label" id="150">
				<font></font>
			</control>
			<control type="label" id="160">
				<font></font>
			</control>
			<control type="label" id="170">
				<font></font>
			</control>
			<control type="label" id="180">
				<font></font>
			</control>
			<control type="label" id="190">
				<font></font>
			</control>
			<control type="label" id="210">
				<font></font>
			</control>
			<control type="label" id="200">
				<font></font>
			</control>
			<control type="image">
				<depth>DepthBackground</depth>
				<include>FullScreenDimensions</include>
				<texture background="true" colordiffuse="$VAR[Background_Opacity]">special://skin/extras/home-images/search.jpg</texture>
				<aspectratio>scale</aspectratio>
				<fadetime>400</fadetime>
				<animation effect="fade" start="0" end="100" time="400">WindowOpen</animation>
				<animation effect="fade" start="100" end="0" time="300">WindowClose</animation>
				<animation effect="fade" time="400">VisibleChange</animation>
				<visible>Control.HasFocus(998)</visible>
			</control>
			<control type="image">
				<depth>DepthBackground</depth>
				<include>FullScreenDimensions</include>
				<texture background="true" colordiffuse="$VAR[Background_Opacity]">special://skin/extras/home-images/movies.jpg</texture>
				<aspectratio>scale</aspectratio>
				<fadetime>400</fadetime>
				<animation effect="fade" start="0" end="100" time="400">WindowOpen</animation>
				<animation effect="fade" start="100" end="0" time="300">WindowClose</animation>
				<animation effect="fade" time="400">VisibleChange</animation>
				<visible>Container(9000).HasFocus(1) + !Control.HasFocus(111) + !Control.HasFocus(998)</visible>
			</control>
			<control type="image">
				<depth>DepthBackground</depth>
				<include>FullScreenDimensions</include>
				<texture background="true" colordiffuse="$VAR[Background_Opacity]">special://skin/extras/home-images/tvshows.jpg</texture>
				<aspectratio>scale</aspectratio>
				<fadetime>400</fadetime>
				<animation effect="fade" start="0" end="100" time="400">WindowOpen</animation>
				<animation effect="fade" start="100" end="0" time="300">WindowClose</animation>
				<animation effect="fade" time="400">VisibleChange</animation>
				<visible>Container(9000).HasFocus(2) + !Control.HasFocus(121) + !Control.HasFocus(998)</visible>
			</control>
			<control type="image">
				<depth>DepthBackground</depth>
				<include>FullScreenDimensions</include>
				<texture background="true" colordiffuse="$VAR[Background_Opacity]">special://skin/extras/home-images/tvshows.jpg</texture>
				<aspectratio>scale</aspectratio>
				<fadetime>400</fadetime>
				<animation effect="fade" start="0" end="100" time="400">WindowOpen</animation>
				<animation effect="fade" start="100" end="0" time="300">WindowClose</animation>
				<animation effect="fade" time="400">VisibleChange</animation>
				<visible>Container(9000).HasFocus(3) + !Control.HasFocus(131) + !Control.HasFocus(998)</visible>
			</control>
			<control type="image">
				<depth>DepthBackground</depth>
				<include>FullScreenDimensions</include>
				<texture background="true" colordiffuse="$VAR[Background_Opacity]">special://skin/extras/home-images/tvshows.jpg</texture>
				<aspectratio>scale</aspectratio>
				<fadetime>400</fadetime>
				<animation effect="fade" start="0" end="100" time="400">WindowOpen</animation>
				<animation effect="fade" start="100" end="0" time="300">WindowClose</animation>
				<animation effect="fade" time="400">VisibleChange</animation>
				<visible>Container(9000).HasFocus(4) + !Control.HasFocus(998)</visible>
			</control>
			<control type="image">
				<depth>DepthBackground</depth>
				<include>FullScreenDimensions</include>
				<texture background="true" colordiffuse="$VAR[Background_Opacity]">special://skin/extras/home-images/musicvideos.jpg</texture>
				<aspectratio>scale</aspectratio>
				<fadetime>400</fadetime>
				<animation effect="fade" start="0" end="100" time="400">WindowOpen</animation>
				<animation effect="fade" start="100" end="0" time="300">WindowClose</animation>
				<animation effect="fade" time="400">VisibleChange</animation>
				<visible>Container(9000).HasFocus(5) + !Control.HasFocus(998)</visible>
			</control>
			<control type="image">
				<depth>DepthBackground</depth>
				<include>FullScreenDimensions</include>
				<texture background="true" colordiffuse="$VAR[Background_Opacity]">special://skin/extras/home-images/music.jpg</texture>
				<aspectratio>scale</aspectratio>
				<fadetime>400</fadetime>
				<animation effect="fade" start="0" end="100" time="400">WindowOpen</animation>
				<animation effect="fade" start="100" end="0" time="300">WindowClose</animation>
				<animation effect="fade" time="400">VisibleChange</animation>
				<visible>Container(9000).HasFocus(6) + !Control.HasFocus(161) + !Control.HasFocus(998)</visible>
			</control>
			<control type="image">
				<depth>DepthBackground</depth>
				<include>FullScreenDimensions</include>
				<texture background="true" colordiffuse="$VAR[Background_Opacity]">special://skin/extras/home-images/music.jpg</texture>
				<aspectratio>scale</aspectratio>
				<fadetime>400</fadetime>
				<animation effect="fade" start="0" end="100" time="400">WindowOpen</animation>
				<animation effect="fade" start="100" end="0" time="300">WindowClose</animation>
				<animation effect="fade" time="400">VisibleChange</animation>
				<visible>Container(9000).HasFocus(7) + !Control.HasFocus(171) + !Control.HasFocus(998)</visible>
			</control>
			<control type="image">
				<depth>DepthBackground</depth>
				<include>FullScreenDimensions</include>
				<texture background="true" colordiffuse="$VAR[Background_Opacity]">special://skin/extras/home-images/music.jpg</texture>
				<aspectratio>scale</aspectratio>
				<fadetime>400</fadetime>
				<animation effect="fade" start="0" end="100" time="400">WindowOpen</animation>
				<animation effect="fade" start="100" end="0" time="300">WindowClose</animation>
				<animation effect="fade" time="400">VisibleChange</animation>
				<visible>Container(9000).HasFocus(8) + !Control.HasFocus(181) + !Control.HasFocus(998)</visible>
			</control>
			<control type="image">
				<depth>DepthBackground</depth>
				<include>FullScreenDimensions</include>
				<texture background="true" colordiffuse="$VAR[Background_Opacity]">special://skin/extras/home-images/livetv.jpg</texture>
				<aspectratio>scale</aspectratio>
				<fadetime>400</fadetime>
				<animation effect="fade" start="0" end="100" time="400">WindowOpen</animation>
				<animation effect="fade" start="100" end="0" time="300">WindowClose</animation>
				<animation effect="fade" time="400">VisibleChange</animation>
				<visible>Container(9000).HasFocus(9) + !Control.HasFocus(998)</visible>
			</control>
			<control type="image">
				<depth>DepthBackground</depth>
				<include>FullScreenDimensions</include>
				<texture background="true" colordiffuse="$VAR[Background_Opacity]">special://skin/extras/home-images/movies.jpg</texture>
				<aspectratio>scale</aspectratio>
				<fadetime>400</fadetime>
				<animation effect="fade" start="0" end="100" time="400">WindowOpen</animation>
				<animation effect="fade" start="100" end="0" time="300">WindowClose</animation>
				<animation effect="fade" time="400">VisibleChange</animation>
				<visible>Container(9000).HasFocus(10) + !Control.HasFocus(201) + !Control.HasFocus(998)</visible>
			</control>
			<control type="image">
				<depth>DepthBackground</depth>
				<include>FullScreenDimensions</include>
				<texture background="true" colordiffuse="$VAR[Background_Opacity]">special://skin/extras/home-images/movies.jpg</texture>
				<aspectratio>scale</aspectratio>
				<fadetime>400</fadetime>
				<animation effect="fade" start="0" end="100" time="400">WindowOpen</animation>
				<animation effect="fade" start="100" end="0" time="300">WindowClose</animation>
				<animation effect="fade" time="400">VisibleChange</animation>
				<visible>Container(9000).HasFocus(11) + !Control.HasFocus(211) + !Control.HasFocus(998)</visible>
			</control>
			<control type="image">
				<depth>DepthBackground</depth>
				<include>FullScreenDimensions</include>
				<texture background="true" colordiffuse="$VAR[Background_Opacity]">$INFO[Container(111).ListItem.Art(fanart)]</texture>
				<aspectratio>scale</aspectratio>
				<fadetime>400</fadetime>
				<animation effect="fade" start="0" end="100" time="400">WindowOpen</animation>
				<animation effect="fade" start="100" end="0" time="300">WindowClose</animation>
				<animation effect="fade" time="400">VisibleChange</animation>
				<visible>Control.HasFocus(111)</visible>
			</control>
			<control type="image">
				<depth>DepthBackground</depth>
				<include>FullScreenDimensions</include>
				<texture background="true" colordiffuse="$VAR[Background_Opacity]">$INFO[Container(121).ListItem.Art(fanart)]</texture>
				<aspectratio>scale</aspectratio>
				<fadetime>400</fadetime>
				<animation effect="fade" start="0" end="100" time="400">WindowOpen</animation>
				<animation effect="fade" start="100" end="0" time="300">WindowClose</animation>
				<animation effect="fade" time="400">VisibleChange</animation>
				<visible>Control.HasFocus(121)</visible>
			</control>
			<control type="image">
				<depth>DepthBackground</depth>
				<include>FullScreenDimensions</include>
				<texture background="true" colordiffuse="$VAR[Background_Opacity]">$INFO[Container(131).ListItem.Art(fanart)]</texture>
				<aspectratio>scale</aspectratio>
				<fadetime>400</fadetime>
				<animation effect="fade" start="0" end="100" time="400">WindowOpen</animation>
				<animation effect="fade" start="100" end="0" time="300">WindowClose</animation>
				<animation effect="fade" time="400">VisibleChange</animation>
				<visible>Control.HasFocus(131)</visible>
			</control>
			<control type="image">
				<depth>DepthBackground</depth>
				<include>FullScreenDimensions</include>
				<texture background="true" colordiffuse="$VAR[Background_Opacity]">$INFO[Container(141).ListItem.Art(fanart)]</texture>
				<aspectratio>scale</aspectratio>
				<fadetime>400</fadetime>
				<animation effect="fade" start="0" end="100" time="400">WindowOpen</animation>
				<animation effect="fade" start="100" end="0" time="300">WindowClose</animation>
				<animation effect="fade" time="400">VisibleChange</animation>
				<visible>Control.HasFocus(141)</visible>
			</control>
			<control type="image">
				<depth>DepthBackground</depth>
				<include>FullScreenDimensions</include>
				<texture background="true" colordiffuse="$VAR[Background_Opacity]">$INFO[Container(151).ListItem.Art(fanart)]</texture>
				<aspectratio>scale</aspectratio>
				<fadetime>400</fadetime>
				<animation effect="fade" start="0" end="100" time="400">WindowOpen</animation>
				<animation effect="fade" start="100" end="0" time="300">WindowClose</animation>
				<animation effect="fade" time="400">VisibleChange</animation>
				<visible>Control.HasFocus(151)</visible>
			</control>
			<control type="image">
				<depth>DepthBackground</depth>
				<include>FullScreenDimensions</include>
				<texture background="true" colordiffuse="$VAR[Background_Opacity]">$INFO[Container(161).ListItem.Art(fanart)]</texture>
				<aspectratio>scale</aspectratio>
				<fadetime>400</fadetime>
				<animation effect="fade" start="0" end="100" time="400">WindowOpen</animation>
				<animation effect="fade" start="100" end="0" time="300">WindowClose</animation>
				<animation effect="fade" time="400">VisibleChange</animation>
				<visible>Control.HasFocus(161)</visible>
			</control>
			<control type="image">
				<depth>DepthBackground</depth>
				<include>FullScreenDimensions</include>
				<texture background="true" colordiffuse="$VAR[Background_Opacity]">$INFO[Container(171).ListItem.Art(fanart)]</texture>
				<aspectratio>scale</aspectratio>
				<fadetime>400</fadetime>
				<animation effect="fade" start="0" end="100" time="400">WindowOpen</animation>
				<animation effect="fade" start="100" end="0" time="300">WindowClose</animation>
				<animation effect="fade" time="400">VisibleChange</animation>
				<visible>Control.HasFocus(171)</visible>
			</control>
			<control type="image">
				<depth>DepthBackground</depth>
				<include>FullScreenDimensions</include>
				<texture background="true" colordiffuse="$VAR[Background_Opacity]">$INFO[Container(181).ListItem.Art(fanart)]</texture>
				<aspectratio>scale</aspectratio>
				<fadetime>400</fadetime>
				<animation effect="fade" start="0" end="100" time="400">WindowOpen</animation>
				<animation effect="fade" start="100" end="0" time="300">WindowClose</animation>
				<animation effect="fade" time="400">VisibleChange</animation>
				<visible>Control.HasFocus(181)</visible>
			</control>
			<control type="image">
				<depth>DepthBackground</depth>
				<include>FullScreenDimensions</include>
				<texture background="true" colordiffuse="$VAR[Background_Opacity]">$INFO[Container(211).ListItem.Art(fanart)]</texture>
				<aspectratio>scale</aspectratio>
				<fadetime>400</fadetime>
				<animation effect="fade" start="0" end="100" time="400">WindowOpen</animation>
				<animation effect="fade" start="100" end="0" time="300">WindowClose</animation>
				<animation effect="fade" time="400">VisibleChange</animation>
				<visible>Control.HasFocus(211)</visible>
			</control>
			<control type="image">
				<depth>DepthBackground</depth>
				<include>FullScreenDimensions</include>
				<texture background="true" colordiffuse="$VAR[Background_Opacity]">$INFO[Container(201).ListItem.Art(fanart)]</texture>
				<aspectratio>scale</aspectratio>
				<fadetime>400</fadetime>
				<animation effect="fade" start="0" end="100" time="400">WindowOpen</animation>
				<animation effect="fade" start="100" end="0" time="300">WindowClose</animation>
				<animation effect="fade" time="400">VisibleChange</animation>
				<visible>Control.HasFocus(201)</visible>
			</control>
			<control type="group" id="101">
				<control type="group">
					<depth>DepthContentPanel</depth>
					<include>OpenClose_Left</include>
					<include content="ContentPanel">
						<param name="width" value="522" />
					</include>
					<control type="list" id="9000">
						<left>0</left>
						<top>240</top>
						<width>462</width>
						<bottom>-10</bottom>
						<movement>6</movement>
						<focusposition>1</focusposition>
						<onleft>500</onleft>
						<onright>500</onright>
						<onup>998</onup>
						<ondown>998</ondown>
						<scrolltime tween="cubic" easing="out">500</scrolltime>
						<itemlayout height="95">
							<control type="image">
								<left>-3</left>
								<top>1</top>
								<width>95</width>
								<height>95</height>
								<texture colordiffuse="44FFFFFF">$INFO[ListItem.Art(thumb)]</texture>
							</control>
							<control type="label">
								<left>104</left>
								<top>-13</top>
								<height>95</height>
								<width>560</width>
								<aligny>center</aligny>
								<font>font37</font>
								<label>$INFO[ListItem.Label]</label>
								<shadowcolor>text_shadow</shadowcolor>
							</control>
							<control type="label">
								<left>104</left>
								<top>20</top>
								<height>95</height>
								<width>560</width>
								<aligny>center</aligny>
								<font>font10</font>
								<label>$INFO[ListItem.Label2]</label>
								<shadowcolor>text_shadow</shadowcolor>
								<scroll>true</scroll>
							</control>
						</itemlayout>
						<focusedlayout height="95">
							<control type="group">
								<control type="image">
									<left>0</left>
									<top>0</top>
									<width>462</width>
									<height>95</height>
									<texture colordiffuse="$VAR[SkinColorVar]">lists/focus.png</texture>
									<animation effect="fade" start="100" end="50" time="40" condition="!Control.HasFocus(9000)">Conditional</animation>
								</control>
								<control type="image">
									<left>-3</left>
									<top>1</top>
									<width>95</width>
									<height>95</height>
									<texture colordiffuse="$VAR[SkinColorVar]">$INFO[ListItem.Art(thumb)]</texture>
									<animation effect="fade" start="0" end="100" time="300" reversible="false">Focus</animation>
								</control>
								<control type="image">
									<left>0</left>
									<top>0</top>
									<width>95</width>
									<height>95</height>
									<texture colordiffuse="51FFFFFF">colors/black.png</texture>
									<animation effect="fade" start="100" end="50" time="40" condition="!Control.HasFocus(9000) | System.HasActiveModalDialog">Conditional</animation>
								</control>
							</control>
							<control type="image">
								<left>-3</left>
								<top>1</top>
								<width>95</width>
								<height>95</height>
								<texture>$INFO[ListItem.Art(thumb)]</texture>
							</control>
							<control type="label">
								<left>104</left>
								<top>-13</top>
								<height>95</height>
								<width>560</width>
								<aligny>center</aligny>
								<font>font37</font>
								<label>$INFO[ListItem.Label]</label>
								<shadowcolor>text_shadow</shadowcolor>
							</control>
							<control type="label">
								<left>104</left>
								<top>20</top>
								<height>95</height>
								<width>560</width>
								<aligny>center</aligny>
								<font>font10</font>
								<label>$INFO[ListItem.Label2]</label>
								<shadowcolor>text_shadow</shadowcolor>
								<scroll>true</scroll>
							</control>
						</focusedlayout>
						<content>
							<item id="1">
								<label>$LOCALIZE[342]</label>
								<label2>$LOCALIZE[283]$INFO[Control.GetLabel(110),: ]</label2>
								<thumb>icons/sidemenu/movies.png</thumb>
								<visible>Control.IsVisible(119)</visible>
							</item>
							<item id="2">
								<label>$LOCALIZE[20343]</label>
								<label2>$LOCALIZE[283]$INFO[Control.GetLabel(120),: ]</label2>
								<thumb>icons/sidemenu/tv.png</thumb>
								<visible>Control.IsVisible(129)</visible>
							</item>
							<item id="3">
								<label>$LOCALIZE[33054]</label>
								<label2>$LOCALIZE[283]$INFO[Control.GetLabel(130),: ]</label2>
								<thumb>icons/sidemenu/tv.png</thumb>
								<visible>Control.IsVisible(139)</visible>
							</item>
							<item id="4">
								<label>$LOCALIZE[20360]</label>
								<label2>$LOCALIZE[283]$INFO[Control.GetLabel(140),: ]</label2>
								<thumb>icons/sidemenu/episodes.png</thumb>
								<visible>Control.IsVisible(149)</visible>
							</item>
							<item id="5">
								<label>$LOCALIZE[20389]</label>
								<label2>$LOCALIZE[283]$INFO[Control.GetLabel(150),: ]</label2>
								<thumb>icons/sidemenu/musicvideos.png</thumb>
								<visible>Control.IsVisible(159)</visible>
							</item>
							<item id="6">
								<label>$LOCALIZE[133]</label>
								<label2>$LOCALIZE[283]$INFO[Control.GetLabel(160),: ]</label2>
								<thumb>icons/sidemenu/artists.png</thumb>
								<visible>Control.IsVisible(169)</visible>
							</item>
							<item id="7">
								<label>$LOCALIZE[132]</label>
								<label2>$LOCALIZE[283]$INFO[Control.GetLabel(170),: ]</label2>
								<thumb>icons/sidemenu/albums.png</thumb>
								<visible>Control.IsVisible(179)</visible>
							</item>
							<item id="8">
								<label>$LOCALIZE[134]</label>
								<label2>$LOCALIZE[283]$INFO[Control.GetLabel(180),: ]</label2>
								<thumb>icons/sidemenu/music.png</thumb>
								<visible>Control.IsVisible(189)</visible>
							</item>
							<item id="9">
								<label>$LOCALIZE[19069]</label>
								<label2>$LOCALIZE[283]$INFO[Control.GetLabel(190),: ]</label2>
								<thumb>icons/sidemenu/livetv.png</thumb>
								<visible>Control.IsVisible(199)</visible>
							</item>
							<item id="10">
								<label>$LOCALIZE[344]</label>
								<label2>$LOCALIZE[283]$INFO[Control.GetLabel(200),: ]</label2>
								<thumb>icons/sidemenu/actors.png</thumb>
								<visible>Control.IsVisible(209)</visible>
							</item>
							<item id="11">
								<label>$LOCALIZE[20348]</label>
								<label2>$LOCALIZE[283]$INFO[Control.GetLabel(210),: ]</label2>
								<thumb>icons/sidemenu/directors.png</thumb>
								<visible>Control.IsVisible(219)</visible>
							</item>
						</content>
					</control>
				</control>
				<control type="radiobutton" id="9981">
					<left>332</left>
					<top>100</top>
					<width>120</width>
					<height>120</height>
					<onup>9000</onup>
					<ondown>9000</ondown>
					<onleft>500</onleft>
					<onright>500</onright>
					<align>center</align>
					<aligny>center</aligny>
					<font></font>
					<label/>
					<texturefocus colordiffuse="$VAR[SkinColorVar]">buttons/roundbutton-fo.png</texturefocus>
					<texturenofocus />
					<radioposx>40</radioposx>
					<radioposy>0</radioposy>
					<radiowidth>40</radiowidth>
					<radioheight>40</radioheight>
					<textureradioonfocus>icons/search.png</textureradioonfocus>
					<textureradioonnofocus colordiffuse="grey">icons/search.png</textureradioonnofocus>
					<textureradioofffocus>icons/search.png</textureradioofffocus>
					<textureradiooffnofocus colordiffuse="grey">icons/search.png</textureradiooffnofocus>
					<visible>!Control.IsVisible(998)</visible>
				</control>
				<control type="label">
					<left>50</left>
					<top>130</top>
					<width>380</width>
					<height>55</height>
					<aligny>center</aligny>
					<font>font13</font>
					<label>$LOCALIZE[31001]...</label>
					<visible>Control.HasFocus(998)</visible>
				</control>
				<control type="label" id="990">
					<left>50</left>
					<top>115</top>
					<width>380</width>
					<height>55</height>
					<aligny>center</aligny>
					<font>font13</font>
					<label/>
				</control>
				<control type="label" id="991">
					<left>50</left>
					<top>148</top>
					<width>380</width>
					<height>55</height>
					<aligny>center</aligny>
					<font>font13</font>
					<label/>
				</control>
				<control type="radiobutton" id="998">
					<left>332</left>
					<top>100</top>
					<width>120</width>
					<height>120</height>
					<onup>9000</onup>
					<ondown>9000</ondown>
					<onleft>500</onleft>
					<onright>500</onright>
					<align>center</align>
					<aligny>center</aligny>
					<font></font>
					<label/>
					<texturefocus colordiffuse="$VAR[SkinColorVar]">buttons/roundbutton-fo.png</texturefocus>
					<texturenofocus />
					<radioposx>40</radioposx>
					<radioposy>0</radioposy>
					<radiowidth>40</radiowidth>
					<radioheight>40</radioheight>
					<textureradioonfocus>icons/search.png</textureradioonfocus>
					<textureradioonnofocus colordiffuse="grey">icons/search.png</textureradioonnofocus>
					<textureradioofffocus>icons/search.png</textureradioofffocus>
					<textureradiooffnofocus colordiffuse="grey">icons/search.png</textureradiooffnofocus>
				</control>
				<control type="group" id="500">
					<control type="group" id="119">
						<control type="panel" id="111">
							<left>490</left>
							<top>0</top>
							<right>15</right>
							<height>100%</height>
							<onleft>9000</onleft>
							<onright>531</onright>
							<onup>500</onup>
							<ondown>500</ondown>
							<viewtype label="31102">icon</viewtype>
							<preloaditems>2</preloaditems>
							<pagecontrol>531</pagecontrol>
							<scrolltime tween="cubic" easing="out">500</scrolltime>
							<visible>Container(9000).HasFocus(1)</visible>
							<include>OpenClose_Right</include>
							<include>Visible_Right</include>
							<include content="Visible_Right_Delayed">
								<param name="id" value="1"/>
							</include>
							<itemlayout height="445" width="320">
								<control type="group">
									<left>30</left>
									<top>120</top>
									<include>InfoWallMovieLayout</include>
								</control>
							</itemlayout>
							<focusedlayout height="445" width="320">
								<control type="group">
									<depth>DepthContentPopout</depth>
									<left>30</left>
									<animation effect="zoom" start="100" end="110" time="200" tween="sine" easing="inout" center="185,300" condition="!Skin.HasSetting(no_animations)">Focus</animation>
									<animation effect="zoom" start="110" end="100" time="200" tween="sine" easing="inout" center="185,300" condition="!Skin.HasSetting(no_animations)">UnFocus</animation>
									<top>120</top>
									<include content="InfoWallMovieLayout">
										<param name="focused" value="true" />
									</include>
								</control>
							</focusedlayout>
						</control>
					</control>
					<control type="group" id="129">
						<control type="panel" id="121">
							<left>490</left>
							<top>0</top>
							<right>15</right>
							<height>100%</height>
							<onleft>9000</onleft>
							<onright>531</onright>
							<onup>500</onup>
							<ondown>500</ondown>
							<viewtype label="31102">icon</viewtype>
							<preloaditems>2</preloaditems>
							<pagecontrol>531</pagecontrol>
							<scrolltime tween="cubic" easing="out">500</scrolltime>
							<visible>Container(9000).HasFocus(2)</visible>
							<include>OpenClose_Right</include>
							<include>Visible_Right</include>
							<include content="Visible_Right_Delayed">
								<param name="id" value="2"/>
							</include>
							<itemlayout height="445" width="320">
								<control type="group">
									<left>30</left>
									<top>120</top>
									<include>InfoWallMovieLayout</include>
								</control>
							</itemlayout>
							<focusedlayout height="445" width="320">
								<control type="group">
									<depth>DepthContentPopout</depth>
									<left>30</left>
									<animation effect="zoom" start="100" end="110" time="200" tween="sine" easing="inout" center="185,300" condition="!Skin.HasSetting(no_animations)">Focus</animation>
									<animation effect="zoom" start="110" end="100" time="200" tween="sine" easing="inout" center="185,300" condition="!Skin.HasSetting(no_animations)">UnFocus</animation>
									<top>120</top>
									<include content="InfoWallMovieLayout">
										<param name="focused" value="true" />
									</include>
								</control>
							</focusedlayout>
						</control>
					</control>
					<control type="group" id="139">
						<control type="panel" id="131">
							<left>490</left>
							<top>0</top>
							<right>15</right>
							<height>100%</height>
							<onleft>9000</onleft>
							<onright>531</onright>
							<onup>500</onup>
							<ondown>500</ondown>
							<viewtype label="31102">icon</viewtype>
							<preloaditems>2</preloaditems>
							<pagecontrol>531</pagecontrol>
							<scrolltime tween="cubic" easing="out">500</scrolltime>
							<visible>Container(9000).HasFocus(3)</visible>
							<include>OpenClose_Right</include>
							<include>Visible_Right</include>
							<include content="Visible_Right_Delayed">
								<param name="id" value="3"/>
							</include>
							<itemlayout height="445" width="320">
								<control type="group">
									<left>30</left>
									<top>120</top>
									<include>InfoWallMovieLayout</include>
								</control>
							</itemlayout>
							<focusedlayout height="445" width="320">
								<control type="group">
									<depth>DepthContentPopout</depth>
									<left>30</left>
									<animation effect="zoom" start="100" end="110" time="200" tween="sine" easing="inout" center="185,300" condition="!Skin.HasSetting(no_animations)">Focus</animation>
									<animation effect="zoom" start="110" end="100" time="200" tween="sine" easing="inout" center="185,300" condition="!Skin.HasSetting(no_animations)">UnFocus</animation>
									<top>120</top>
									<include content="InfoWallMovieLayout">
										<param name="focused" value="true" />
									</include>
								</control>
							</focusedlayout>
						</control>
					</control>
					<control type="group" id="149">
						<control type="panel" id="141">
							<left>490</left>
							<top>0</top>
							<right>15</right>
							<height>100%</height>
							<onleft>9000</onleft>
							<onright>531</onright>
							<onup>500</onup>
							<ondown>500</ondown>
							<viewtype label="31102">icon</viewtype>
							<preloaditems>2</preloaditems>
							<pagecontrol>531</pagecontrol>
							<scrolltime tween="cubic" easing="out">500</scrolltime>
							<visible>Container(9000).HasFocus(4)</visible>
							<include>OpenClose_Right</include>
							<include>Visible_Right</include>
							<include content="Visible_Right_Delayed">
								<param name="id" value="4"/>
							</include>
							<itemlayout height="300" width="300">
								<control type="group">
									<left>64</left>
									<top>110</top>
									<include content="InfoWallEpisodeLayout">
										<param name="focused" value="false" />
									</include>
								</control>
							</itemlayout>
							<focusedlayout height="300" width="300">
								<control type="group">
									<depth>DepthContentPopout</depth>
									<animation effect="zoom" start="100" end="110" time="200" tween="sine" easing="inout" center="220,250" condition="!Skin.HasSetting(no_animations)">Focus</animation>
									<animation effect="zoom" start="110" end="100" time="200" tween="sine" easing="inout" center="220,250" condition="!Skin.HasSetting(no_animations)">UnFocus</animation>
									<left>64</left>
									<top>110</top>
									<include content="InfoWallEpisodeLayout">
										<param name="focused" value="true" />
									</include>
								</control>
							</focusedlayout>
						</control>
					</control>
					<control type="group" id="159">
						<control type="panel" id="151">
							<left>490</left>
							<top>0</top>
							<right>15</right>
							<height>100%</height>
							<onleft>9000</onleft>
							<onright>531</onright>
							<onup>500</onup>
							<ondown>500</ondown>
							<viewtype label="31102">icon</viewtype>
							<preloaditems>2</preloaditems>
							<pagecontrol>531</pagecontrol>
							<scrolltime tween="cubic" easing="out">500</scrolltime>
							<visible>Container(9000).HasFocus(5)</visible>
							<include>OpenClose_Right</include>
							<include>Visible_Right</include>
							<include content="Visible_Right_Delayed">
								<param name="id" value="5"/>
							</include>
							<itemlayout height="410" width="310">
								<control type="group">
									<top>150</top>
									<left>40</left>
									<include>InfoWallMusicLayout</include>
								</control>
							</itemlayout>
							<focusedlayout height="410" width="310">
								<control type="group">
									<depth>DepthContentPopout</depth>
									<animation effect="zoom" start="100" end="115" time="200" tween="sine" easing="inout" center="200,350" condition="!Skin.HasSetting(no_animations)">Focus</animation>
									<animation effect="zoom" start="115" end="100" time="200" tween="sine" easing="inout" center="200,350" condition="!Skin.HasSetting(no_animations)">UnFocus</animation>
									<top>150</top>
									<left>40</left>
									<include content="InfoWallMusicLayout">
										<param name="focused" value="true" />
									</include>
								</control>
							</focusedlayout>
						</control>
					</control>
					<control type="group" id="169">
						<control type="panel" id="161">
							<left>490</left>
							<top>0</top>
							<right>15</right>
							<height>100%</height>
							<onleft>9000</onleft>
							<onright>531</onright>
							<onup>500</onup>
							<ondown>500</ondown>
							<viewtype label="31102">icon</viewtype>
							<preloaditems>2</preloaditems>
							<pagecontrol>531</pagecontrol>
							<scrolltime tween="cubic" easing="out">500</scrolltime>
							<visible>Container(9000).HasFocus(6)</visible>
							<include>OpenClose_Right</include>
							<include>Visible_Right</include>
							<include content="Visible_Right_Delayed">
								<param name="id" value="6"/>
							</include>
							<itemlayout height="410" width="310">
								<control type="group">
									<top>150</top>
									<left>40</left>
									<include>InfoWallMusicLayout</include>
								</control>
							</itemlayout>
							<focusedlayout height="410" width="310">
								<control type="group">
									<depth>DepthContentPopout</depth>
									<animation effect="zoom" start="100" end="115" time="200" tween="sine" easing="inout" center="200,350" condition="!Skin.HasSetting(no_animations)">Focus</animation>
									<animation effect="zoom" start="115" end="100" time="200" tween="sine" easing="inout" center="200,350" condition="!Skin.HasSetting(no_animations)">UnFocus</animation>
									<top>150</top>
									<left>40</left>
									<include content="InfoWallMusicLayout">
										<param name="focused" value="true" />
									</include>
								</control>
							</focusedlayout>
						</control>
					</control>
					<control type="group" id="179">
						<control type="panel" id="171">
							<left>490</left>
							<top>0</top>
							<right>15</right>
							<height>100%</height>
							<onleft>9000</onleft>
							<onright>531</onright>
							<onup>500</onup>
							<ondown>500</ondown>
							<viewtype label="31102">icon</viewtype>
							<preloaditems>2</preloaditems>
							<pagecontrol>531</pagecontrol>
							<scrolltime tween="cubic" easing="out">500</scrolltime>
							<visible>Container(9000).HasFocus(7)</visible>
							<include>OpenClose_Right</include>
							<include>Visible_Right</include>
							<include content="Visible_Right_Delayed">
								<param name="id" value="7"/>
							</include>
							<itemlayout height="410" width="310">
								<control type="group">
									<top>150</top>
									<left>40</left>
									<include>InfoWallMusicLayout</include>
								</control>
							</itemlayout>
							<focusedlayout height="410" width="310">
								<control type="group">
									<depth>DepthContentPopout</depth>
									<animation effect="zoom" start="100" end="115" time="200" tween="sine" easing="inout" center="200,350" condition="!Skin.HasSetting(no_animations)">Focus</animation>
									<animation effect="zoom" start="115" end="100" time="200" tween="sine" easing="inout" center="200,350" condition="!Skin.HasSetting(no_animations)">UnFocus</animation>
									<top>150</top>
									<left>40</left>
									<include content="InfoWallMusicLayout">
										<param name="focused" value="true" />
									</include>
								</control>
							</focusedlayout>
						</control>
					</control>
					<control type="group" id="189">
						<control type="panel" id="181">
							<left>490</left>
							<top>0</top>
							<right>15</right>
							<height>100%</height>
							<onleft>9000</onleft>
							<onright>531</onright>
							<onup>500</onup>
							<ondown>500</ondown>
							<viewtype label="31102">icon</viewtype>
							<preloaditems>2</preloaditems>
							<pagecontrol>531</pagecontrol>
							<scrolltime tween="cubic" easing="out">500</scrolltime>
							<include>OpenClose_Right</include>
							<include>Visible_Right</include>
							<include content="Visible_Right_Delayed">
								<param name="id" value="8"/>
							</include>
							<visible>Container(9000).HasFocus(8)</visible>
							<itemlayout height="410" width="310">
								<control type="group">
									<top>150</top>
									<left>40</left>
									<include content="InfoWallMusicLayout">
										<param name="focused" value="false" />
										<param name="main_label" value="$INFO[ListItem.Artist]" />
										<param name="sub_label" value="$INFO[ListItem.Label]" />
									</include>
								</control>
							</itemlayout>
							<focusedlayout height="410" width="310">
								<control type="group">
									<depth>DepthContentPopout</depth>
									<animation effect="zoom" start="100" end="115" time="200" tween="sine" easing="inout" center="200,350" condition="!Skin.HasSetting(no_animations)">Focus</animation>
									<animation effect="zoom" start="115" end="100" time="200" tween="sine" easing="inout" center="200,350" condition="!Skin.HasSetting(no_animations)">UnFocus</animation>
									<top>150</top>
									<left>40</left>
									<include content="InfoWallMusicLayout">
										<param name="focused" value="true" />
										<param name="main_label" value="$INFO[ListItem.Artist]" />
										<param name="sub_label" value="$INFO[ListItem.Label]" />
									</include>
								</control>
							</focusedlayout>
						</control>
					</control>
					<control type="group" id="199">
						<control type="panel" id="191">
							<left>490</left>
							<top>0</top>
							<right>15</right>
							<height>100%</height>
							<onleft>9000</onleft>
							<onright>531</onright>
							<onup>500</onup>
							<ondown>500</ondown>
							<viewtype label="31102">icon</viewtype>
							<preloaditems>2</preloaditems>
							<pagecontrol>531</pagecontrol>
							<scrolltime tween="cubic" easing="out">500</scrolltime>
							<include>OpenClose_Right</include>
							<include>Visible_Right</include>
							<include content="Visible_Right_Delayed">
								<param name="id" value="9"/>
							</include>
							<visible>Container(9000).HasFocus(9)</visible>
							<itemlayout width="310" height="410">
								<control type="group">
									<top>150</top>
									<left>40</left>
									<control type="image">
										<width>319</width>
										<height>340</height>
										<texture>dialogs/dialog-bg-nobo.png</texture>
										<bordertexture border="21">overlays/shadow.png</bordertexture>
										<bordersize>20</bordersize>
									</control>
									<control type="image">
										<top>43</top>
										<left>38</left>
										<width>245</width>
										<height>200</height>
										<texture fallback="DefaultTVShows.png">http://localhost:52307/getpvrthumb&amp;title=$INFO[ListItem.Label]&amp;channel=$INFO[ListItem.Property(ChannelName)]&amp;type=landscape,fanart,thumb,poster</texture>
										<aspectratio>keep</aspectratio>
									</control>
									<control type="label">
										<left>42</left>
										<top>247</top>
										<width>245</width>
										<height>70</height>
										<label>$INFO[ListItem.Label]</label>
										<font>font12</font>
										<shadowcolor>text_shadow</shadowcolor>
										<align>center</align>
										<aligny>top</aligny>
									</control>
									<control type="label">
										<left>42</left>
										<top>277</top>
										<width>245</width>
										<height>65</height>
										<label>$INFO[ListItem.Property(ChannelName)]</label>
										<font>font12</font>
										<shadowcolor>text_shadow</shadowcolor>
										<align>center</align>
										<aligny>top</aligny>
									</control>
								</control>
							</itemlayout>
							<focusedlayout width="310" height="410">
								<control type="group">
									<depth>DepthContentPopout</depth>
									<animation effect="zoom" start="100" end="115" time="200" tween="sine" easing="inout" center="200,350" condition="!Skin.HasSetting(no_animations)">Focus</animation>
									<animation effect="zoom" start="115" end="100" time="200" tween="sine" easing="inout" center="200,350" condition="!Skin.HasSetting(no_animations)">UnFocus</animation>
									<top>150</top>
									<left>40</left>
									<control type="image">
										<width>319</width>
										<height>340</height>
										<texture>dialogs/dialog-bg-nobo.png</texture>
										<bordertexture border="21">overlays/shadow.png</bordertexture>
										<bordersize>20</bordersize>
									</control>
									<control type="image">
										<width>319</width>
										<height>340</height>
										<texture colordiffuse="$VAR[SkinColorVar]">colors/grey.png</texture>
										<bordersize>20</bordersize>
										<include>Animation_FocusTextureFade</include>
									</control>
									<control type="image">
										<top>43</top>
										<left>38</left>
										<width>245</width>
										<height>200</height>
										<texture fallback="DefaultTVShows.png">http://localhost:52307/getpvrthumb&amp;title=$INFO[ListItem.Label]&amp;channel=$INFO[ListItem.Property(ChannelName)]&amp;type=landscape,fanart,thumb,poster</texture>
										<aspectratio>keep</aspectratio>
									</control>
									<control type="label">
										<left>42</left>
										<top>247</top>
										<width>245</width>
										<height>70</height>
										<label>$INFO[ListItem.Label]</label>
										<font>font12</font>
										<shadowcolor>text_shadow</shadowcolor>
										<align>center</align>
										<scroll>true</scroll>
										<aligny>top</aligny>
									</control>
									<control type="label">
										<left>42</left>
										<top>277</top>
										<width>245</width>
										<height>65</height>
										<label>$INFO[ListItem.Property(ChannelName)]</label>
										<font>font12</font>
										<shadowcolor>text_shadow</shadowcolor>
										<align>center</align>
										<scroll>true</scroll>
										<aligny>top</aligny>
									</control>
								</control>
							</focusedlayout>
						</control>
					</control>
					<control type="group" id="209">
						<control type="panel" id="201">
							<left>490</left>
							<top>0</top>
							<right>15</right>
							<height>100%</height>
							<onleft>9000</onleft>
							<onright>531</onright>
							<onup>500</onup>
							<ondown>500</ondown>
							<viewtype label="31102">icon</viewtype>
							<preloaditems>2</preloaditems>
							<pagecontrol>531</pagecontrol>
							<scrolltime tween="cubic" easing="out">500</scrolltime>
							<include>OpenClose_Right</include>
							<include>Visible_Right</include>
							<include content="Visible_Right_Delayed">
								<param name="id" value="10"/>
							</include>
							<visible>Container(9000).HasFocus(10)</visible>
							<itemlayout height="445" width="320">
								<control type="group">
									<left>30</left>
									<top>120</top>
									<include>InfoWallMovieLayout</include>
								</control>
							</itemlayout>
							<focusedlayout height="445" width="320">
								<control type="group">
									<depth>DepthContentPopout</depth>
									<left>30</left>
									<animation effect="zoom" start="100" end="110" time="200" tween="sine" easing="inout" center="185,300" condition="!Skin.HasSetting(no_animations)">Focus</animation>
									<animation effect="zoom" start="110" end="100" time="200" tween="sine" easing="inout" center="185,300" condition="!Skin.HasSetting(no_animations)">UnFocus</animation>
									<top>120</top>
									<include content="InfoWallMovieLayout">
										<param name="focused" value="true" />
									</include>
								</control>
							</focusedlayout>
						</control>
					</control>
					<control type="group" id="219">
						<control type="panel" id="211">
							<left>490</left>
							<top>0</top>
							<right>15</right>
							<height>100%</height>
							<onleft>9000</onleft>
							<onright>531</onright>
							<onup>500</onup>
							<ondown>500</ondown>
							<viewtype label="31102">icon</viewtype>
							<preloaditems>2</preloaditems>
							<pagecontrol>531</pagecontrol>
							<scrolltime tween="cubic" easing="out">500</scrolltime>
							<include>OpenClose_Right</include>
							<include>Visible_Right</include>
							<include content="Visible_Right_Delayed">
								<param name="id" value="11"/>
							</include>
							<visible>Container(9000).HasFocus(11)</visible>
							<itemlayout height="445" width="320">
								<control type="group">
									<left>30</left>
									<top>120</top>
									<include>InfoWallMovieLayout</include>
								</control>
							</itemlayout>
							<focusedlayout height="445" width="320">
								<control type="group">
									<depth>DepthContentPopout</depth>
									<left>30</left>
									<animation effect="zoom" start="100" end="110" time="200" tween="sine" easing="inout" center="185,300" condition="!Skin.HasSetting(no_animations)">Focus</animation>
									<animation effect="zoom" start="110" end="100" time="200" tween="sine" easing="inout" center="185,300" condition="!Skin.HasSetting(no_animations)">UnFocus</animation>
									<top>120</top>
									<include content="InfoWallMovieLayout">
										<param name="focused" value="true" />
									</include>
								</control>
							</focusedlayout>
						</control>
					</control>
				</control>
				<control type="label" id="999">
					<left>490</left>
					<top>0</top>
					<right>15</right>
					<height>1920</height>
					<align>center</align>
					<aligny>center</aligny>
					<font>font32_title</font>
					<label>$LOCALIZE[284]</label>
				</control>
			</control>
			<include content="TopBar">
				<param name="info_visible" value="true" />
			</include>
			<include content="BottomBar">
				<param name="info_visible" value="true" />
			</include>
			<control type="group">
				<visible>Control.IsVisible(111)</visible>
				<visible>!Control.HasFocus(9000) + !Control.HasFocus(998) + !Window.IsVisible(movieinformation)</visible>
				<animation effect="fade" start="0" end="100" time="300" delay="300">WindowOpen</animation>
				<animation effect="fade" start="100" end="0" time="200">WindowClose</animation>
				<top>1010</top>
				<animation effect="fade" time="200">VisibleChange</animation>
				<control type="grouplist">
					<orientation>horizontal</orientation>
					<right>20</right>
					<align>right</align>
					<itemgap>5</itemgap>
					<width>1900</width>
					<include content="MediaFlag">
						<param name="texture" value="$INFO[Container(111).ListItem.VideoResolution,flags/videoresolution/,.png]" />
						<param name="visible" value="!String.IsEmpty(Container(111).ListItem.VideoResolution)" />
						<param name="width" value="73" />
					</include>
					<include content="MediaFlag">
						<param name="texture" value="$INFO[Container(111).ListItem.VideoCodec,flags/videocodec/,.png]" />
						<param name="visible" value="!String.IsEmpty(Container(111).ListItem.VideoCodec)" />
					</include>
					<include content="MediaFlag">
						<param name="texture" value="$INFO[Container(111).ListItem.VideoAspect,flags/aspectratio/,.png]" />
						<param name="visible" value="!String.IsEmpty(Container(111).ListItem.VideoAspect)" />
						<param name="width" value="108" />
					</include>
					<include content="MediaFlag">
						<param name="texture" value="$INFO[Container(111).ListItem.AudioCodec,flags/audiocodec/,.png]" />
						<param name="visible" value="!String.IsEmpty(Container(111).ListItem.AudioCodec)" />
					</include>
					<include content="MediaFlag">
						<param name="texture" value="$INFO[Container(111).ListItem.AudioChannels,flags/audiochannel/,.png]" />
						<param name="visible" value="!String.IsEmpty(Container(111).ListItem.AudioChannels)" />
					</include>
					<include content="MediaFlag">
						<param name="width" value="0" />
					</include>
					<control type="group">
						<width>176</width>
						<visible>!String.IsEmpty(Container(111).ListItem.Duration)</visible>
						<control type="label">
							<width>119</width>
							<centertop>34%</centertop>
							<height>50</height>
							<posx>54</posx>
							<align>center</align>
							<aligny>center</aligny>
							<font>font_flag</font>
							<label>$VAR[DurationVar]</label>
							<textcolor>$VAR[MediaFlagsColorVar]</textcolor>
						</control>
						<include content="MediaFlag">
							<param name="texture" value="flags/time.png" />
							<param name="width" value="176" />
						</include>
					</control>
					<control type="group">
						<width>162</width>
						<visible>!String.IsEmpty(Container(111).ListItem.EndTimeResume)</visible>
						<control type="label">
							<width>105</width>
							<centertop>34%</centertop>
							<height>50</height>
							<posx>54</posx>
							<align>center</align>
							<aligny>center</aligny>
							<font>font_flag</font>
							<label>$INFO[Container(111).ListItem.EndTimeResume]</label>
							<textcolor>$VAR[MediaFlagsColorVar]</textcolor>
							<scroll>true</scroll>
						</control>
						<include content="MediaFlag">
							<param name="texture" value="flags/finishtime.png" />
							<param name="width" value="162" />
						</include>
					</control>
				</control>
			</control>
			<control type="group">
				<visible>Control.IsVisible(141)</visible>
				<visible>!Control.HasFocus(9000) + !Control.HasFocus(998) + !Window.IsVisible(movieinformation)</visible>
				<animation effect="fade" start="0" end="100" time="300" delay="300">WindowOpen</animation>
				<animation effect="fade" start="100" end="0" time="200">WindowClose</animation>
				<top>1010</top>
				<animation effect="fade" time="200">VisibleChange</animation>
				<control type="grouplist">
					<orientation>horizontal</orientation>
					<right>20</right>
					<align>right</align>
					<itemgap>5</itemgap>
					<width>1900</width>
					<include content="MediaFlag">
						<param name="texture" value="$INFO[Container(141).ListItem.VideoResolution,flags/videoresolution/,.png]" />
						<param name="visible" value="!String.IsEmpty(Container(141).ListItem.VideoResolution)" />
						<param name="width" value="73" />
					</include>
					<include content="MediaFlag">
						<param name="texture" value="$INFO[Container(141).ListItem.VideoCodec,flags/videocodec/,.png]" />
						<param name="visible" value="!String.IsEmpty(Container(141).ListItem.VideoCodec)" />
					</include>
					<include content="MediaFlag">
						<param name="texture" value="$INFO[Container(141).ListItem.VideoAspect,flags/aspectratio/,.png]" />
						<param name="visible" value="!String.IsEmpty(Container(141).ListItem.VideoAspect)" />
						<param name="width" value="108" />
					</include>
					<include content="MediaFlag">
						<param name="texture" value="$INFO[Container(141).ListItem.AudioCodec,flags/audiocodec/,.png]" />
						<param name="visible" value="!String.IsEmpty(Container(141).ListItem.AudioCodec)" />
					</include>
					<include content="MediaFlag">
						<param name="texture" value="$INFO[Container(141).ListItem.AudioChannels,flags/audiochannel/,.png]" />
						<param name="visible" value="!String.IsEmpty(Container(141).ListItem.AudioChannels)" />
					</include>
					<include content="MediaFlag">
						<param name="width" value="0" />
					</include>
					<control type="group">
						<width>176</width>
						<visible>!String.IsEmpty(Container(141).ListItem.Duration)</visible>
						<control type="label">
							<width>119</width>
							<centertop>34%</centertop>
							<height>50</height>
							<posx>54</posx>
							<align>center</align>
							<aligny>center</aligny>
							<font>font_flag</font>
							<label>$VAR[DurationVar]</label>
							<textcolor>$VAR[MediaFlagsColorVar]</textcolor>
						</control>
						<include content="MediaFlag">
							<param name="texture" value="flags/time.png" />
							<param name="width" value="176" />
						</include>
					</control>
					<control type="group">
						<width>162</width>
						<visible>!String.IsEmpty(Container(141).ListItem.EndTimeResume)</visible>
						<control type="label">
							<width>105</width>
							<centertop>34%</centertop>
							<height>50</height>
							<posx>54</posx>
							<align>center</align>
							<aligny>center</aligny>
							<font>font_flag</font>
							<label>$INFO[Container(141).ListItem.EndTimeResume]</label>
							<textcolor>$VAR[MediaFlagsColorVar]</textcolor>
							<scroll>true</scroll>
						</control>
						<include content="MediaFlag">
							<param name="texture" value="flags/finishtime.png" />
							<param name="width" value="162" />
						</include>
					</control>
				</control>
			</control>
			<control type="group">
				<visible>Control.IsVisible(151)</visible>
				<visible>!Control.HasFocus(9000) + !Control.HasFocus(998) + !Window.IsVisible(movieinformation)</visible>
				<animation effect="fade" start="0" end="100" time="300" delay="300">WindowOpen</animation>
				<animation effect="fade" start="100" end="0" time="200">WindowClose</animation>
				<top>1010</top>
				<animation effect="fade" time="200">VisibleChange</animation>
				<control type="grouplist">
					<orientation>horizontal</orientation>
					<right>20</right>
					<align>right</align>
					<itemgap>5</itemgap>
					<width>1900</width>
					<include content="MediaFlag">
						<param name="texture" value="$INFO[Container(151).ListItem.VideoResolution,flags/videoresolution/,.png]" />
						<param name="visible" value="!String.IsEmpty(Container(151).ListItem.VideoResolution)" />
						<param name="width" value="73" />
					</include>
					<include content="MediaFlag">
						<param name="texture" value="$INFO[Container(151).ListItem.VideoCodec,flags/videocodec/,.png]" />
						<param name="visible" value="!String.IsEmpty(Container(151).ListItem.VideoCodec)" />
					</include>
					<include content="MediaFlag">
						<param name="texture" value="$INFO[Container(151).ListItem.VideoAspect,flags/aspectratio/,.png]" />
						<param name="visible" value="!String.IsEmpty(Container(151).ListItem.VideoAspect)" />
						<param name="width" value="108" />
					</include>
					<include content="MediaFlag">
						<param name="texture" value="$INFO[Container(151).ListItem.AudioCodec,flags/audiocodec/,.png]" />
						<param name="visible" value="!String.IsEmpty(Container(151).ListItem.AudioCodec)" />
					</include>
					<include content="MediaFlag">
						<param name="texture" value="$INFO[Container(151).ListItem.AudioChannels,flags/audiochannel/,.png]" />
						<param name="visible" value="!String.IsEmpty(Container(151).ListItem.AudioChannels)" />
					</include>
					<include content="MediaFlag">
						<param name="width" value="0" />
					</include>
					<control type="group">
						<width>176</width>
						<visible>!String.IsEmpty(Container(151).ListItem.Duration)</visible>
						<control type="label">
							<width>119</width>
							<centertop>34%</centertop>
							<height>50</height>
							<posx>54</posx>
							<align>center</align>
							<aligny>center</aligny>
							<font>font_flag</font>
							<label>$VAR[DurationVar]</label>
							<textcolor>$VAR[MediaFlagsColorVar]</textcolor>
						</control>
						<include content="MediaFlag">
							<param name="texture" value="flags/time.png" />
							<param name="width" value="176" />
						</include>
					</control>
					<control type="group">
						<width>162</width>
						<visible>!String.IsEmpty(Container(151).ListItem.EndTimeResume)</visible>
						<control type="label">
							<width>105</width>
							<centertop>34%</centertop>
							<height>50</height>
							<posx>54</posx>
							<align>center</align>
							<aligny>center</aligny>
							<font>font_flag</font>
							<label>$INFO[Container(151).ListItem.EndTimeResume]</label>
							<textcolor>$VAR[MediaFlagsColorVar]</textcolor>
							<scroll>true</scroll>
						</control>
						<include content="MediaFlag">
							<param name="texture" value="flags/finishtime.png" />
							<param name="width" value="162" />
						</include>
					</control>
				</control>
			</control>
			<control type="group">
				<visible>Control.IsVisible(201)</visible>
				<visible>!Control.HasFocus(9000) + !Control.HasFocus(998) + !Window.IsVisible(movieinformation)</visible>
				<animation effect="fade" start="0" end="100" time="300" delay="300">WindowOpen</animation>
				<animation effect="fade" start="100" end="0" time="200">WindowClose</animation>
				<top>1010</top>
				<animation effect="fade" time="200">VisibleChange</animation>
				<control type="grouplist">
					<orientation>horizontal</orientation>
					<right>20</right>
					<align>right</align>
					<itemgap>5</itemgap>
					<width>1900</width>
					<include content="MediaFlag">
						<param name="texture" value="$INFO[Container(201).ListItem.VideoResolution,flags/videoresolution/,.png]" />
						<param name="visible" value="!String.IsEmpty(Container(201).ListItem.VideoResolution)" />
						<param name="width" value="73" />
					</include>
					<include content="MediaFlag">
						<param name="texture" value="$INFO[Container(201).ListItem.VideoCodec,flags/videocodec/,.png]" />
						<param name="visible" value="!String.IsEmpty(Container(201).ListItem.VideoCodec)" />
					</include>
					<include content="MediaFlag">
						<param name="texture" value="$INFO[Container(201).ListItem.VideoAspect,flags/aspectratio/,.png]" />
						<param name="visible" value="!String.IsEmpty(Container(201).ListItem.VideoAspect)" />
						<param name="width" value="108" />
					</include>
					<include content="MediaFlag">
						<param name="texture" value="$INFO[Container(201).ListItem.AudioCodec,flags/audiocodec/,.png]" />
						<param name="visible" value="!String.IsEmpty(Container(201).ListItem.AudioCodec)" />
					</include>
					<include content="MediaFlag">
						<param name="texture" value="$INFO[Container(201).ListItem.AudioChannels,flags/audiochannel/,.png]" />
						<param name="visible" value="!String.IsEmpty(Container(201).ListItem.AudioChannels)" />
					</include>
					<include content="MediaFlag">
						<param name="width" value="0" />
					</include>
					<control type="group">
						<width>176</width>
						<visible>!String.IsEmpty(Container(201).ListItem.Duration)</visible>
						<control type="label">
							<width>119</width>
							<centertop>34%</centertop>
							<height>50</height>
							<posx>54</posx>
							<align>center</align>
							<aligny>center</aligny>
							<font>font_flag</font>
							<label>$VAR[DurationVar]</label>
							<textcolor>$VAR[MediaFlagsColorVar]</textcolor>
						</control>
						<include content="MediaFlag">
							<param name="texture" value="flags/time.png" />
							<param name="width" value="176" />
						</include>
					</control>
					<control type="group">
						<width>162</width>
						<visible>!String.IsEmpty(Container(201).ListItem.EndTimeResume)</visible>
						<control type="label">
							<width>105</width>
							<centertop>34%</centertop>
							<height>50</height>
							<posx>54</posx>
							<align>center</align>
							<aligny>center</aligny>
							<font>font_flag</font>
							<label>$INFO[Container(201).ListItem.EndTimeResume]</label>
							<textcolor>$VAR[MediaFlagsColorVar]</textcolor>
							<scroll>true</scroll>
						</control>
						<include content="MediaFlag">
							<param name="texture" value="flags/finishtime.png" />
							<param name="width" value="162" />
						</include>
					</control>
				</control>
			</control>
			<control type="group">
				<visible>Control.IsVisible(211)</visible>
				<visible>!Control.HasFocus(9000) + !Control.HasFocus(998) + !Window.IsVisible(movieinformation)</visible>
				<animation effect="fade" start="0" end="100" time="300" delay="300">WindowOpen</animation>
				<animation effect="fade" start="100" end="0" time="200">WindowClose</animation>
				<top>1010</top>
				<animation effect="fade" time="200">VisibleChange</animation>
				<control type="grouplist">
					<orientation>horizontal</orientation>
					<right>20</right>
					<align>right</align>
					<itemgap>5</itemgap>
					<width>1900</width>
					<include content="MediaFlag">
						<param name="texture" value="$INFO[Container(211).ListItem.VideoResolution,flags/videoresolution/,.png]" />
						<param name="visible" value="!String.IsEmpty(Container(211).ListItem.VideoResolution)" />
						<param name="width" value="73" />
					</include>
					<include content="MediaFlag">
						<param name="texture" value="$INFO[Container(211).ListItem.VideoCodec,flags/videocodec/,.png]" />
						<param name="visible" value="!String.IsEmpty(Container(211).ListItem.VideoCodec)" />
					</include>
					<include content="MediaFlag">
						<param name="texture" value="$INFO[Container(211).ListItem.VideoAspect,flags/aspectratio/,.png]" />
						<param name="visible" value="!String.IsEmpty(Container(211).ListItem.VideoAspect)" />
						<param name="width" value="108" />
					</include>
					<include content="MediaFlag">
						<param name="texture" value="$INFO[Container(211).ListItem.AudioCodec,flags/audiocodec/,.png]" />
						<param name="visible" value="!String.IsEmpty(Container(211).ListItem.AudioCodec)" />
					</include>
					<include content="MediaFlag">
						<param name="texture" value="$INFO[Container(211).ListItem.AudioChannels,flags/audiochannel/,.png]" />
						<param name="visible" value="!String.IsEmpty(Container(211).ListItem.AudioChannels)" />
					</include>
					<include content="MediaFlag">
						<param name="width" value="0" />
					</include>
					<control type="group">
						<width>176</width>
						<visible>!String.IsEmpty(Container(211).ListItem.Duration)</visible>
						<control type="label">
							<width>119</width>
							<centertop>34%</centertop>
							<height>50</height>
							<posx>54</posx>
							<align>center</align>
							<aligny>center</aligny>
							<font>font_flag</font>
							<label>$VAR[DurationVar]</label>
							<textcolor>$VAR[MediaFlagsColorVar]</textcolor>
						</control>
						<include content="MediaFlag">
							<param name="texture" value="flags/time.png" />
							<param name="width" value="176" />
						</include>
					</control>
					<control type="group">
						<width>162</width>
						<visible>!String.IsEmpty(Container(211).ListItem.EndTimeResume)</visible>
						<control type="label">
							<width>105</width>
							<centertop>34%</centertop>
							<height>50</height>
							<posx>54</posx>
							<align>center</align>
							<aligny>center</aligny>
							<font>font_flag</font>
							<label>$INFO[Container(211).ListItem.EndTimeResume]</label>
							<textcolor>$VAR[MediaFlagsColorVar]</textcolor>
							<scroll>true</scroll>
						</control>
						<include content="MediaFlag">
							<param name="texture" value="flags/finishtime.png" />
							<param name="width" value="162" />
						</include>
					</control>
				</control>
			</control>
			<control type="group">
				<right>0</right>
				<top>0</top>
				<bottom>0</bottom>
				<width>60</width>
				<control type="scrollbar" id="531">
					<right>0</right>
					<top>0</top>
					<bottom>0</bottom>
					<width>13</width>
					<orientation>vertical</orientation>
					<texturesliderbackground />
					<onleft>500</onleft>
					<onright>500</onright>
					<animation effect="fade" start="0" end="100" time="200" delay="300">Visible</animation>
					<animation effect="fade" start="100" end="0" time="200">Hidden</animation>
					<animation effect="slide" end="6,0" time="300" tween="sine" easing="inout" condition="!Control.HasFocus(531)">conditional</animation>
					<hitrect x="-20" y="0" w="80" bottom="0r" />
				</control>
			</control>
			<control type="group">
				<depth>DepthBars</depth>
				<animation effect="slide" end="0,-90" time="300" tween="sine" easing="inout" condition="$EXP[infodialog_active]">conditional</animation>
				<animation effect="fade" start="0" end="100" time="300">WindowOpen</animation>
				<animation effect="fade" start="100" end="0" time="200">WindowClose</animation>
				<top>20</top>
				<left>20</left>
				<control type="image">
					<aspectratio>keep</aspectratio>
					<width>56</width>
					<height>56</height>
					<texture colordiffuse="$VAR[SkinColorVar]">icons/logo.png</texture>
				</control>
				<control type="image">
					<left>80</left>
					<top>17</top>
					<aspectratio>keep</aspectratio>
					<width>260</width>
					<height>23</height>
					<texture>icons/logo-text-globalsearch.png</texture>
				</control>
			</control>
		</control>
	</controls>
</window>