<?xml version="1.0" encoding="utf-8"?>
<window>
	<defaultcontrol always="true">11101</defaultcontrol>
	<include>Animation_DialogPopupOpenClose</include>
	<controls>
		<control type="group">
			<centerleft>50%</centerleft>
			<height>560</height>
			<centertop>50%</centertop>
			<width>700</width>
			<visible>!Window.IsActive(GameVideoSettings) + !Window.IsActive(GameControllers)</visible>
			<animation effect="fade" time="200">VisibleChange</animation>
			<include content="DialogBackgroundCommons">
				<param name="width" value="700" />
				<param name="height" value="80" />
				<param name="header_label" value="$LOCALIZE[35221]" />
				<param name="header_id" value="1" />
			</include>
			<control type="group" id="11000">
				<left>0</left>
				<top>80</top>
				<control type="grouplist" id="11101">
					<width>700</width>
					<height>360</height>
					<itemgap>0</itemgap>
					<onup>11100</onup>
					<ondown>11100</ondown>
					<orientation>vertical</orientation>
					<control type="button" id="11102">
						<description>Resume button</description>
						<width>700</width>
						<include>DialogSettingButton</include>
						<label>$LOCALIZE[13404]</label>
						<label2>Select + X</label2>
						<onclick>Play</onclick>
					</control>
					<control type="button" id="11103">
						<description>Reset button</description>
						<width>700</width>
						<include>DialogSettingButton</include>
						<label>$LOCALIZE[10035]</label>
						<label2>Select + B</label2>
						<onclick>PlayerControl(Reset)</onclick>
					</control>
					<control type="button" id="11104">
						<description>Stop button</description>
						<width>700</width>
						<include>DialogSettingButton</include>
						<label>$LOCALIZE[35222]</label>
						<label2>Select + Start</label2>
						<onclick>Stop</onclick>
					</control>
					<control type="button" id="11107">
						<description>Video settings button</description>
						<width>700</width>
						<include>DialogSettingButton</include>
						<label>$LOCALIZE[13395]</label>
						<onclick>ActivateWindow(gamevideosettings)</onclick>
					</control>
					<control type="button" id="11109">
						<description>Input settings button</description>
						<width>700</width>
						<include>DialogSettingButton</include>
						<label>$LOCALIZE[35223]</label>
						<onclick>ActivateWindow(gamecontrollers)</onclick>
					</control>
				</control>
			</control>
		</control>
	</controls>
</window>