<?xml version="1.0" encoding="UTF-8"?>
<includes>
	<include name="View_509_TripleLists">
		<control type="group">
			<include>OpenClose_Left</include>
			<visible>Control.IsVisible(509)</visible>
			<include>Visible_Left</include>
			<depth>DepthContentPanel</depth>
			<include content="ContentPanel">
				<param name="width" value="36.4333333%" />
				<param name="flipx" value="false" />
				<param name="visible" value="!String.IsEqual(Skin.AspectRatio,21:9)" />
			</include>
			<include content="ContentPanel">
				<param name="width" value="35.6833333%" />
				<param name="flipx" value="false" />
				<param name="visible" value="String.IsEqual(Skin.AspectRatio,21:9)" />
			</include>
			<control type="fixedlist" id="509">
				<width>33.3333333%</width>
				<top>0</top>
				<bottom>0</bottom>
				<left>0</left>
				<scrolltime tween="cubic" easing="out">500</scrolltime>
				<orientation>vertical</orientation>
				<movement>2</movement>
				<focusposition>3</focusposition>
				<onleft condition="!Skin.HasSetting(KioskMode)">9000</onleft>
				<onright>5091</onright>
				<onup>509</onup>
				<ondown>509</ondown>
				<viewtype label="$LOCALIZE[40214]">list</viewtype>
				<focusedlayout height="160">
					<control type="group">
						<top>-50</top>
						<control type="image">
							<left>0</left>
							<right>0</right>
							<height>160</height>
							<texture colordiffuse="$VAR[SkinColorVar]">lists/focus.png</texture>
							<animation effect="fade" start="100" end="50" time="40" condition="Control.HasFocus(5091) | Control.HasFocus(5092)">Conditional</animation>
							<visible>Control.HasFocus(509) | Control.HasFocus(5091) | Control.HasFocus(5092)</visible>
						</control>
						<control type="image">
							<left>35</left>
							<top>20</top>
							<width>120</width>
							<height>120</height>
							<texture fallback="DefaultAudio.png">$INFO[ListItem.Thumb]</texture>
							<aspectratio align="left" aligny="center">stretch</aspectratio>
							<bordertexture>colors/white.png</bordertexture>
							<bordersize>1</bordersize>
							<visible>!ListItem.IsParentFolder</visible>
						</control>
						<control type="image">
							<left>35</left>
							<top>20</top>
							<width>120</width>
							<height>120</height>
							<texture>DefaultFolderBackSquare.png</texture>
							<aspectratio align="left" aligny="center">stretch</aspectratio>
							<bordertexture>colors/white.png</bordertexture>
							<bordersize>1</bordersize>
							<visible>ListItem.IsParentFolder</visible>
						</control>
						<control type="label">
							<left>190</left>
							<top>0</top>
							<height>160</height>
							<right>30</right>
							<aligny>center</aligny>
							<label>$INFO[ListItem.Label,[B],[/B]]</label>
							<shadowcolor>text_shadow</shadowcolor>
							<scroll>true</scroll>
						</control>
					</control>
				</focusedlayout>
				<itemlayout height="160">
					<control type="group">
						<top>-50</top>
						<control type="image">
							<left>35</left>
							<top>20</top>
							<width>120</width>
							<height>120</height>
							<texture fallback="DefaultAudio.png">$INFO[ListItem.Thumb]</texture>
							<aspectratio align="left" aligny="center">stretch</aspectratio>
							<bordertexture>colors/white.png</bordertexture>
							<bordersize>1</bordersize>
							<visible>!ListItem.IsParentFolder</visible>
						</control>
						<control type="image">
							<left>35</left>
							<top>20</top>
							<width>120</width>
							<height>120</height>
							<texture>DefaultFolderBackSquare.png</texture>
							<aspectratio align="left" aligny="center">stretch</aspectratio>
							<bordertexture>colors/white.png</bordertexture>
							<bordersize>1</bordersize>
							<visible>ListItem.IsParentFolder</visible>
						</control>
						<control type="label">
							<left>190</left>
							<top>0</top>
							<height>160</height>
							<right>30</right>
							<aligny>center</aligny>
							<label>$INFO[ListItem.Label,[B],[/B]]</label>
							<shadowcolor>text_shadow</shadowcolor>
						</control>
					</control>
				</itemlayout>
			</control>
		</control>
		<control type="group">
			<include>OpenClose_Right</include>
			<visible>Control.IsVisible(509)</visible>
			<include>Visible_Right</include>
			<control type="fixedlist" id="5091">
				<width>33.3333333%</width>
				<top>0</top>
				<bottom>0</bottom>
				<left>33.3333333%</left>
				<scrolltime tween="cubic" easing="out">500</scrolltime>
				<orientation>vertical</orientation>
				<pagecontrol>531</pagecontrol>
				<movement>2</movement>
				<focusposition>3</focusposition>
				<onleft>509</onleft>
				<onright>5092</onright>
				<onup>5091</onup>
				<ondown>5091</ondown>
				<viewtype label="$LOCALIZE[40214]">list</viewtype>
				<focusedlayout height="160">
					<control type="group">
						<top>-50</top>
						<control type="image">
							<left>0</left>
							<right>0</right>
							<height>160</height>
							<texture colordiffuse="$VAR[SkinColorVar]">lists/focus.png</texture>
							<animation effect="fade" start="100" end="50" time="40" condition="Control.HasFocus(509) | Control.HasFocus(5092)">Conditional</animation>
							<visible>Control.HasFocus(509) | Control.HasFocus(5091) | Control.HasFocus(5092)</visible>
						</control>
						<control type="image">
							<left>35</left>
							<top>20</top>
							<width>120</width>
							<height>120</height>
							<texture fallback="DefaultAudio.png">$INFO[ListItem.Thumb]</texture>
							<aspectratio align="left" aligny="center">stretch</aspectratio>
							<bordertexture>colors/white.png</bordertexture>
							<bordersize>1</bordersize>
						</control>
						<control type="label">
							<left>190</left>
							<top>20</top>
							<height>40</height>
							<right>30</right>
							<aligny>center</aligny>
							<label>$INFO[ListItem.Label,[B],[/B]]</label>
							<shadowcolor>text_shadow</shadowcolor>
							<scroll>true</scroll>
						</control>
						<control type="label">
							<left>190</left>
							<top>100</top>
							<height>40</height>
							<right>30</right>
							<aligny>center</aligny>
							<label>$INFO[ListItem.AlbumArtist]</label>
							<shadowcolor>text_shadow</shadowcolor>
							<scroll>true</scroll>
						</control>
						<control type="label">
							<left>190</left>
							<top>60</top>
							<height>40</height>
							<right>30</right>
							<aligny>center</aligny>
							<label>$INFO[ListItem.Year]</label>
							<font>font12</font>
							<shadowcolor>text_shadow</shadowcolor>
						</control>
					</control>
				</focusedlayout>
				<itemlayout height="160">
					<control type="group">
						<top>-50</top>
						<control type="image">
							<left>35</left>
							<top>20</top>
							<width>120</width>
							<height>120</height>
							<texture fallback="DefaultAudio.png">$INFO[ListItem.Thumb]</texture>
							<aspectratio align="left" aligny="center">stretch</aspectratio>
							<bordertexture>colors/white.png</bordertexture>
							<bordersize>1</bordersize>
						</control>
						<control type="label">
							<left>190</left>
							<top>20</top>
							<height>40</height>
							<right>30</right>
							<aligny>center</aligny>
							<label>$INFO[ListItem.Label,[B],[/B]]</label>
							<shadowcolor>text_shadow</shadowcolor>
						</control>
						<control type="label">
							<left>190</left>
							<top>100</top>
							<height>40</height>
							<right>30</right>
							<aligny>center</aligny>
							<label>$INFO[ListItem.AlbumArtist]</label>
							<textcolor>$VAR[SkinColorVar]</textcolor>
							<shadowcolor>text_shadow</shadowcolor>
						</control>
						<control type="label">
							<left>190</left>
							<top>60</top>
							<height>40</height>
							<right>30</right>
							<aligny>center</aligny>
							<label>$INFO[ListItem.Year]</label>
							<font>font12</font>
							<textcolor>grey</textcolor>
							<shadowcolor>text_shadow</shadowcolor>
						</control>
					</control>
				</itemlayout>
					<content target="music" sortby="year" sortorder="ascending">$INFO[Container(509).ListItem.DBID,musicdb://artists/,/]</content>
			</control>
		</control>
		<control type="group">
			<include>OpenClose_Right</include>
			<visible>Control.IsVisible(509)</visible>
			<include>Visible_Right</include>
			<depth>DepthContentPanel</depth>
			<include content="ContentPanel">
				<param name="width" value="36.4333333%" />
				<param name="flipx" value="true" />
				<param name="left" value="1260" />
				<param name="visible" value="!String.IsEqual(Skin.AspectRatio,21:9)" />
			</include>
			<include content="ContentPanel">
				<param name="width" value="35.6833333%" />
				<param name="flipx" value="true" />
				<param name="left" value="1686.66667" />
				<param name="visible" value="String.IsEqual(Skin.AspectRatio,21:9)" />
			</include>
			<control type="fixedlist" id="5092">
				<width>33.3333333%</width>
				<right>0</right>
				<top>0</top>
				<bottom>0</bottom>
				<onleft>5091</onleft>
				<onright>531</onright>
				<onup>5092</onup>
				<ondown>5092</ondown>
				<scrolltime tween="cubic" easing="out">500</scrolltime>
				<orientation>vertical</orientation>
				<movement>5</movement>
				<focusposition>6</focusposition>
				<viewtype label="$LOCALIZE[40214]">list</viewtype>
				<focusedlayout height="80">
					<control type="group">
						<top>30</top>
						<control type="image">
							<left>0</left>
							<right>0</right>
							<height>80</height>
							<texture colordiffuse="$VAR[SkinColorVar]">lists/focus.png</texture>
							<animation effect="fade" start="100" end="50" time="40" condition="Control.HasFocus(509) | Control.HasFocus(5091)">Conditional</animation>
							<visible>Control.HasFocus(509) | Control.HasFocus(5091) | Control.HasFocus(5092)</visible>
						</control>
						<control type="label">
							<left>35</left>
							<height>80</height>
							<right>80</right>
							<aligny>center</aligny>
							<scroll>true</scroll>
							<label>$INFO[ListItem.TrackNumber,[B],[/B] - ]$INFO[ListItem.Label]</label>
							<shadowcolor>text_shadow</shadowcolor>
						</control>
						<control type="label">
							<left>40</left>
							<height>80</height>
							<right>30</right>
							<align>right</align>
							<aligny>center</aligny>
							<label>$INFO[ListItem.Duration]</label>
							<shadowcolor>text_shadow</shadowcolor>
						</control>
					</control>
				</focusedlayout>
				<itemlayout height="80">
					<control type="group">
						<top>30</top>
						<control type="label">
							<left>35</left>
							<height>80</height>
							<right>80</right>
							<aligny>center</aligny>
							<label>$INFO[ListItem.TrackNumber,[B],[/B] - ]$INFO[ListItem.Label]</label>
							<shadowcolor>text_shadow</shadowcolor>
						</control>
						<control type="label">
							<left>40</left>
							<height>80</height>
							<right>30</right>
							<align>right</align>
							<aligny>center</aligny>
							<label>$INFO[ListItem.Duration]</label>
							<textcolor>grey</textcolor>
							<shadowcolor>text_shadow</shadowcolor>
						</control>
					</control>
				</itemlayout>
				<content target="music" sortby="track" sortorder="ascending">$INFO[Container(5091).ListItem.DBID,musicdb://albums/,/]</content>
			</control>
		</control>
	</include>
</includes>