<?xml version="1.0" encoding="UTF-8"?>
<includes>
	<include name="View_52_IconWall">
		<control type="group">
			<visible>Control.IsVisible(52)</visible>
			<include>OpenClose_Right</include>
			<include>Visible_Right</include>
			<control type="panel" id="52">
				<centerleft>51%</centerleft>
				<top>0</top>
				<width>92%</width>
				<height>100%</height>
				<onleft condition="!Skin.HasSetting(KioskMode)">9000</onleft>
				<onright>531</onright>
				<pagecontrol>531</pagecontrol>
				<preloaditems>2</preloaditems>
				<onup>52</onup>
				<ondown>52</ondown>
				<scrolltime tween="cubic" easing="out">500</scrolltime>
				<visible>Container.Content() | Container.Content(tags) | Container.Content(years) | Container.Content(roles) | Container.Content(genres) | Container.Content(countries) | Container.Content(studios) | Container.Content(playlists) | Container.Content(unknown)</visible>
				<animation effect="slide" end="74,0" time="0" condition="String.IsEqual(Skin.AspectRatio,21:9)">Conditional</animation>
				<viewtype label="31099">icon</viewtype>
				<itemlayout height="280" width="440" condition="Container.Content() | Container.Content(tags) | Container.Content(playlists) | [Container.Content(studios) + !String.IsEmpty(Skin.String(studiologos.path))] | [Container.Content(genres) + !String.IsEmpty(Skin.String(moviegenreicons.path))]">
					<control type="group">
						<top>150</top>
						<control type="image">
							<width>396</width>
							<height>245</height>
							<texture>dialogs/dialog-bg-nobo.png</texture>
							<bordertexture border="21">overlays/shadow.png</bordertexture>
							<bordersize>20</bordersize>
						</control>
						<control type="image">
							<left>120</left>
							<top>30</top>
							<width>160</width>
							<height>110</height>
							<texture>$VAR[IconWallThumbVar]</texture>
							<aspectratio>keep</aspectratio>
							<align>center</align>
							<visible>!String.StartsWith(Container.FolderPath,videodb://) + !String.StartsWith(Container.FolderPath,musicdb://)</visible>
						</control>
						<control type="image">
							<left>120</left>
							<top>30</top>
							<width>160</width>
							<height>110</height>
							<texture fallback="DefaultStudios.png">$VAR[IconWallThumbVar]</texture>
							<aspectratio>keep</aspectratio>
							<align>center</align>
							<visible>String.StartsWith(Container.FolderPath,videodb://)</visible>
						</control>
						<control type="image">
							<left>120</left>
							<top>30</top>
							<width>160</width>
							<height>110</height>
							<texture fallback="DefaultMusicGenres.png">$VAR[IconWallThumbVar]</texture>
							<aspectratio>keep</aspectratio>
							<align>center</align>
							<visible>String.StartsWith(Container.FolderPath,musicdb://)</visible>
						</control>
						<control type="image">
							<left>20</left>
							<top>150</top>
							<width>356</width>
							<height>75</height>
							<texture colordiffuse="border_alpha">colors/black.png</texture>
						</control>
						<control type="textbox">
							<left>25</left>
							<top>148</top>
							<width>350</width>
							<height>74</height>
							<font>font12</font>
							<label>$INFO[ListItem.Label]</label>
							<align>center</align>
							<aligny>center</aligny>
						</control>
					</control>
				</itemlayout>
				<focusedlayout height="280" width="440" condition="Container.Content() | Container.Content(tags) | Container.Content(playlists) | [Container.Content(studios) + !String.IsEmpty(Skin.String(studiologos.path))]  | [Container.Content(genres) + !String.IsEmpty(Skin.String(moviegenreicons.path))]">
					<control type="group">
						<depth>DepthContentPopout</depth>
						<animation type="Focus" condition="!Skin.HasSetting(no_animations)">
							<effect type="zoom" start="100" end="112" time="200" tween="sine" easing="inout" center="auto" />
						</animation>
						<animation type="Unfocus" condition="!Skin.HasSetting(no_animations)">
							<effect type="zoom" start="112" end="100" time="200" tween="sine" easing="inout" center="auto" />
						</animation>
						<top>150</top>
						<control type="image">
							<width>396</width>
							<height>245</height>
							<texture>dialogs/dialog-bg-nobo.png</texture>
							<bordertexture border="21">overlays/shadow.png</bordertexture>
							<bordersize>20</bordersize>
						</control>
						<control type="image">
							<width>396</width>
							<height>245</height>
							<texture colordiffuse="$VAR[SkinColorVar]">colors/grey.png</texture>
							<bordersize>20</bordersize>
							<include>Animation_FocusTextureFade</include>
						</control>
						<control type="image">
							<width>396</width>
							<height>245</height>
							<texture colordiffuse="$VAR[GradientColorVar]">colors/gradient2.png</texture>
							<bordersize>20</bordersize>
							<include>Animation_FocusTextureFade</include>
							<visible>Skin.HasSetting(EnableGradientColor)</visible>
						</control>
						<control type="image">
							<left>120</left>
							<top>30</top>
							<width>160</width>
							<height>110</height>
							<texture>$VAR[IconWallThumbVar]</texture>
							<aspectratio>keep</aspectratio>
							<align>center</align>
							<visible>!String.StartsWith(Container.FolderPath,videodb://) + !String.StartsWith(Container.FolderPath,musicdb://)</visible>
						</control>
						<control type="image">
							<left>120</left>
							<top>30</top>
							<width>160</width>
							<height>110</height>
							<texture fallback="DefaultStudios.png">$VAR[IconWallThumbVar]</texture>
							<aspectratio>keep</aspectratio>
							<align>center</align>
							<visible>String.StartsWith(Container.FolderPath,videodb://)</visible>
						</control>
						<control type="image">
							<left>120</left>
							<top>30</top>
							<width>160</width>
							<height>110</height>
							<texture fallback="DefaultMusicGenres.png">$VAR[IconWallThumbVar]</texture>
							<aspectratio>keep</aspectratio>
							<align>center</align>
							<visible>String.StartsWith(Container.FolderPath,musicdb://)</visible>
						</control>
						<control type="image">
							<left>20</left>
							<top>150</top>
							<width>356</width>
							<height>75</height>
							<texture colordiffuse="border_alpha">colors/black.png</texture>
						</control>
						<control type="textbox">
							<left>25</left>
							<top>148</top>
							<width>350</width>
							<height>74</height>
							<font>font12</font>
							<label>$INFO[ListItem.Label]</label>
							<align>center</align>
							<aligny>center</aligny>
						</control>
					</control>
				</focusedlayout>
				<itemlayout height="181" width="348" condition="[Container.Content(genres) + String.IsEmpty(Skin.String(moviegenreicons.path))] | Container.Content(years) | Container.Content(roles) | Container.Content(countries) | [Container.Content(studios) + String.IsEmpty(Skin.String(studiologos.path))]">
					<control type="group">
						<animation effect="slide" end="43,0" time="0" condition="String.IsEqual(Skin.AspectRatio,21:9)">Conditional</animation>
						<top>120</top>
						<control type="image">
							<width>330</width>
							<height>140</height>
							<texture>dialogs/dialog-bg-nobo.png</texture>
							<bordertexture border="21">overlays/shadow.png</bordertexture>
							<bordersize>20</bordersize>
						</control>
						<control type="textbox">
							<left>30</left>
							<top>20</top>
							<width>270</width>
							<height>100</height>
							<label>$INFO[ListItem.Label]</label>
							<align>center</align>
							<aligny>center</aligny>
						</control>
					</control>
				</itemlayout>
				<focusedlayout height="181" width="348" condition="[Container.Content(genres) + String.IsEmpty(Skin.String(moviegenreicons.path))] | Container.Content(years) | Container.Content(roles) | Container.Content(countries) | [Container.Content(studios) + String.IsEmpty(Skin.String(studiologos.path))]">
					<control type="group">
						<animation effect="slide" end="43,0" time="0" condition="String.IsEqual(Skin.AspectRatio,21:9)">Conditional</animation>
						<depth>DepthContentPopout</depth>
						<top>120</top>
						<animation type="Focus" condition="!Skin.HasSetting(no_animations)">
							<effect type="zoom" start="100" end="112" time="200" tween="sine" easing="inout" center="auto" />
						</animation>
						<animation type="Unfocus" condition="!Skin.HasSetting(no_animations)">
							<effect type="zoom" start="112" end="100" time="200" tween="sine" easing="inout" center="auto" />
						</animation>
						<control type="image">
							<width>330</width>
							<height>140</height>
							<texture>dialogs/dialog-bg-nobo.png</texture>
							<bordertexture border="21">overlays/shadow.png</bordertexture>
							<bordersize>20</bordersize>
						</control>
						<control type="image">
							<width>330</width>
							<height>140</height>
							<texture colordiffuse="$VAR[SkinColorVar]">colors/grey.png</texture>
							<bordersize>20</bordersize>
							<include>Animation_FocusTextureFade</include>
						</control>
						<control type="image">
							<width>330</width>
							<height>140</height>
							<texture colordiffuse="$VAR[GradientColorVar]">colors/gradient2.png</texture>
							<bordersize>20</bordersize>
							<include>Animation_FocusTextureFade</include>
							<visible>Skin.HasSetting(EnableGradientColor)</visible>
						</control>
						<control type="textbox">
							<left>30</left>
							<top>20</top>
							<width>270</width>
							<height>100</height>
							<label>$INFO[ListItem.Label]</label>
							<align>center</align>
							<aligny>center</aligny>
							<autoscroll delay="1000" time="1000" repeat="1000">true</autoscroll>
						</control>
					</control>
				</focusedlayout>
			</control>
		</control>
	</include>
</includes>
