<?xml version="1.0" encoding="UTF-8"?>
<window>
	<depth>DepthOSD</depth>
	<defaultcontrol always="true">5550</defaultcontrol>
	<include>Animation_DialogPopupOpenClose</include>
	<controls>
		<control type="group">
			<bottom>0</bottom>
			<height>250</height>
			<animation effect="slide" end="0,-80" time="150" condition="PVR.IsTimeShift">conditional</animation>
			<control type="image">
				<left>30</left>
				<top>-220</top>
				<right>30</right>
				<height>332</height>
				<texture colordiffuse="E6FFFFFF">dialogs/dialog-bg-nobo.png</texture>
				<animation effect="fade" start="0" end="100" time="300">WindowOpen</animation>
				<animation effect="fade" start="100" end="0" time="300">WindowClose</animation>
			</control>
			<control type="grouplist">
				<left>52</left>
				<top>-204</top>
				<visible>Control.HasFocus(5551)</visible>
				<control type="label">
					<width>1200</width>
					<height>50</height>
					<aligny>bottom</aligny>
					<label>$INFO[PVR.ActStreamServiceName,$LOCALIZE[19099] : [COLOR white],[/COLOR]]</label>
					<font>font14</font>
					<shadowcolor>black</shadowcolor>
					<textcolor>$VAR[SkinColorVar]</textcolor>
				</control>
				<control type="label">
					<width>1200</width>
					<height>50</height>
					<aligny>bottom</aligny>
					<label>$INFO[PVR.ActStreamProviderName,$LOCALIZE[19101] : [COLOR white],[/COLOR]]</label>
					<font>font14</font>
					<shadowcolor>black</shadowcolor>
					<textcolor>$VAR[SkinColorVar]</textcolor>
				</control>
				<control type="label">
					<width>1200</width>
					<height>50</height>
					<aligny>bottom</aligny>
					<label>$INFO[PVR.ActStreamClient,$LOCALIZE[19012] : [COLOR white],[/COLOR]]</label>
					<font>font14</font>
					<shadowcolor>black</shadowcolor>
					<textcolor>$VAR[SkinColorVar]</textcolor>
				</control>
				<control type="label">
					<width>1200</width>
					<height>50</height>
					<aligny>bottom</aligny>
					<label>$INFO[PVR.ActStreamDevice,$LOCALIZE[19006] : [COLOR white],[/COLOR]]</label>
					<font>font14</font>
					<shadowcolor>black</shadowcolor>
					<textcolor>$VAR[SkinColorVar]</textcolor>
				</control>
				<control type="label">
					<width>1200</width>
					<height>50</height>
					<aligny>bottom</aligny>
					<label>$INFO[PVR.ActStreamStatus,$LOCALIZE[19007] : [COLOR white],[/COLOR]]</label>
					<font>font14</font>
					<shadowcolor>black</shadowcolor>
					<textcolor>$VAR[SkinColorVar]</textcolor>
				</control>
				<control type="label">
					<width>1200</width>
					<height>50</height>
					<aligny>bottom</aligny>
					<label>$INFO[PVR.ActStreamEncryptionName,$LOCALIZE[19015] : [COLOR white],[/COLOR]]</label>
					<font>font14</font>
					<shadowcolor>black</shadowcolor>
					<textcolor>$VAR[SkinColorVar]</textcolor>
				</control>
			</control>
			<control type="grouplist">
				<left>1250</left>
				<top>-204</top>
				<visible>Control.HasFocus(5551)</visible>
				<usecontrolcoords>true</usecontrolcoords>
				<control type="label">
					<width>600</width>
					<height>50</height>
					<aligny>bottom</aligny>
					<label>$INFO[PVR.ActStreamBer,$LOCALIZE[19010] : [COLOR white],[/COLOR]]</label>
					<font>font14</font>
					<shadowcolor>black</shadowcolor>
					<textcolor>$VAR[SkinColorVar]</textcolor>
				</control>
				<control type="label">
					<width>600</width>
					<height>50</height>
					<aligny>bottom</aligny>
					<label>$INFO[PVR.ActStreamUnc,$LOCALIZE[19011] : [COLOR white],[/COLOR]]</label>
					<font>font14</font>
					<shadowcolor>black</shadowcolor>
					<textcolor>$VAR[SkinColorVar]</textcolor>
				</control>
				<control type="label">
					<width>600</width>
					<height>50</height>
					<aligny>bottom</aligny>
					<label>$INFO[PVR.ActStreamMux,$LOCALIZE[19100] : [COLOR white],[/COLOR]]</label>
					<font>font14</font>
					<shadowcolor>black</shadowcolor>
					<textcolor>$VAR[SkinColorVar]</textcolor>
				</control>
				<control type="label">
					<width>600</width>
					<height>50</height>
					<aligny>bottom</aligny>
					<label>$INFO[PVR.ActStreamSignal,$LOCALIZE[19008] : [COLOR white],[/COLOR]]</label>
					<font>font14</font>
					<shadowcolor>black</shadowcolor>
					<textcolor>$VAR[SkinColorVar]</textcolor>
				</control>
				<control type="progress">
					<top>5</top>
					<width>600</width>
					<height>18</height>
					<info>PVR.ActStreamProgrSignal</info>
				</control>
				<control type="label">
					<top>5</top>
					<width>1600</width>
					<height>50</height>
					<aligny>bottom</aligny>
					<label>$INFO[PVR.ActStreamSNR,$LOCALIZE[19009] : [COLOR white],[/COLOR]]</label>
					<font>font14</font>
					<shadowcolor>black</shadowcolor>
					<textcolor>$VAR[SkinColorVar]</textcolor>
				</control>
				<control type="progress">
					<top>0</top>
					<width>600</width>
					<height>18</height>
					<info>PVR.ActStreamProgrSNR</info>
				</control>
			</control>
			<control type="grouplist">
				<left>52</left>
				<top>-204</top>
				<visible>Control.HasFocus(5552)</visible>
				<control type="label">
					<width>1600</width>
					<height>50</height>
					<aligny>bottom</aligny>
					<label>$INFO[Player.Process(videodecoder),$LOCALIZE[31139] : [COLOR white],]$VAR[VideoHWDecoder, (,)[/COLOR]]</label>
					<font>font14</font>
					<shadowcolor>black</shadowcolor>
					<visible>Player.HasVideo</visible>
					<textcolor>$VAR[SkinColorVar]</textcolor>
				</control>
				<control type="label">
					<width>1600</width>
					<height>50</height>
					<aligny>bottom</aligny>
					<label>$INFO[Player.Process(pixformat),$LOCALIZE[31140] : [COLOR white],[/COLOR]]</label>
					<font>font14</font>
					<shadowcolor>black</shadowcolor>
					<visible>Player.HasVideo</visible>
					<textcolor>$VAR[SkinColorVar]</textcolor>
				</control>
				<control type="label">
					<width>1600</width>
					<height>50</height>
					<aligny>bottom</aligny>
					<label>$INFO[Player.Process(deintmethod),$LOCALIZE[16038] : [COLOR white],[/COLOR]]</label>
					<font>font14</font>
					<shadowcolor>black</shadowcolor>
					<visible>Player.HasVideo</visible>
					<textcolor>$VAR[SkinColorVar]</textcolor>
				</control>
				<control type="label">
					<width>1600</width>
					<height>50</height>
					<aligny>bottom</aligny>
					<label>$INFO[Player.Process(videowidth),$LOCALIZE[38031] : [COLOR white],x]$INFO[Player.Process(videoheight),, px]$INFO[Player.Process(videodar),$COMMA , AR]$INFO[Player.Process(videofps),$COMMA , FPS][/COLOR]</label>
					<font>font14</font>
					<shadowcolor>black</shadowcolor>
					<visible>Player.HasVideo</visible>
					<textcolor>$VAR[SkinColorVar]</textcolor>
				</control>
				<control type="label">
					<width>1600</width>
					<height>50</height>
					<aligny>bottom</aligny>
					<label>$LOCALIZE[460] : [COLOR white]$INFO[Player.Process(audiochannels),,$COMMA ]$INFO[Player.Process(audiodecoder)]$INFO[Player.Process(audiobitspersample),$COMMA , bits]$INFO[Player.Process(audiosamplerate),$COMMA , Hz]$INFO[VideoPlayer.AudioBitrate,$COMMA , kb/s][/COLOR]</label>
					<font>font14</font>
					<shadowcolor>black</shadowcolor>
					<textcolor>$VAR[SkinColorVar]</textcolor>
				</control>
				<control type="label">
					<width>1600</width>
					<height>50</height>
					<aligny>bottom</aligny>
					<label>$INFO[System.Memory(used.percent),$LOCALIZE[31030]: [COLOR white],       [/COLOR]]$INFO[System.CpuUsage,$LOCALIZE[13271] [COLOR white],[/COLOR]]</label>
					<font>font14</font>
					<shadowcolor>black</shadowcolor>
					<textcolor>$VAR[SkinColorVar]</textcolor>
				</control>
			</control>
			<control type="grouplist" id="5550">
				<right>11</right>
				<top>-310</top>
				<width>1000</width>
				<height>100</height>
				<align>right</align>
				<orientation>horizontal</orientation>
				<itemgap>-10</itemgap>
				<onup>Close</onup>
				<ondown>Close</ondown>
				<usecontrolcoords>true</usecontrolcoords>
				<control type="button" id="5551">
					<width>auto</width>
					<height>100</height>
					<textoffsetx>40</textoffsetx>
					<label>$LOCALIZE[31137]</label>
					<onclick>Action(Close)</onclick>
					<visible>VideoPlayer.Content(livetv)</visible>
				</control>
				<control type="button" id="5552">
					<width>auto</width>
					<height>100</height>
					<textoffsetx>40</textoffsetx>
					<label>$LOCALIZE[31138]</label>
					<onclick>Action(Close)</onclick>
				</control>
			</control>
		</control>
	</controls>
</window>
