<?xml version="1.0" encoding="utf-8"?>
<window>
	<defaultcontrol always="true">4000</defaultcontrol>
	<controls>
		<control type="group">
			<!-- left side -->
			<animation effect="slide" start="-1500,0" end="0,0" delay="600" time="900" tween="sine">WindowOpen</animation>
			<animation effect="slide" end="-1500,0" time="900" tween="sine" condition="Control.HasFocus(132) | ControlGroup(5000).HasFocus">WindowClose</animation>
			<animation effect="slide" end="-749,0" time="450" tween="sine" easing="inout" condition="!Control.HasFocus(132) + !ControlGroup(5000).HasFocus">Conditional</animation>
			<control type="image">
				<width>729</width>
				<top>0</top>
				<bottom>0</bottom>
				<texture>dialogs/extendedinfo/movieinfogradient.png</texture>
			</control>
			<control type="image">
				<width>729</width>
				<top>0</top>
				<bottom>0</bottom>
				<aspectratio aligny="top">scale</aspectratio>
				<fadetime>300</fadetime>
				<texture>$INFO[Window.Property(thumb)]</texture>
			</control>
		</control>
		<control type="button" id="20000">
			<height>0</height>
			<width>0</width>
			<texturefocus/>
			<left>-5000</left>
			<onfocus>SetFocus(132)</onfocus>
			<visible allowhiddenfocus="true">Control.HasFocus(20000)</visible>
		</control>
		<control type="button" id="20001">
			<height>0</height>
			<width>0</width>
			<texturefocus/>
			<left>-5000</left>
			<visible allowhiddenfocus="true">Control.HasFocus(20001)</visible>
		</control>
		<control type="group">
			<animation effect="slide" start="5042,0" end="0,0" time="1500" tween="sine">WindowOpen</animation>
			<animation effect="slide" end="1242,0" time="450" tween="sine" condition="Control.HasFocus(132) | ControlGroup(5000).HasFocus">WindowClose</animation>
			<animation effect="slide" end="0,1080" time="450" tween="sine" condition="!Control.HasFocus(132) + !ControlGroup(5000).HasFocus">WindowClose</animation>
			<animation effect="slide" end="-749,0" time="450" tween="sine" easing="inout" condition="!Control.HasFocus(132) + !ControlGroup(5000).HasFocus">Conditional</animation>
			<!-- right side -->
			<control type="image">
				<left>729</left>
				<width>1950</width>
				<top>0</top>
				<bottom>0</bottom>
				<aspectratio align="center">scale</aspectratio>
				<texture fallback="colors/black.png">$INFO[Window.Property(ImageFilter)]</texture>
			</control>
			<control type="image">
				<depth>DepthBackground</depth>
				<left>729</left>
				<width>1950</width>
				<top>0</top>
				<bottom>0</bottom>
				<aspectratio>scale</aspectratio>
				<texture colordiffuse="$VAR[BackgroundColorVar]">special://skin/extras/backgrounds/primary.jpg</texture>
			</control>
			<control type="image">
				<depth>DepthBackground</depth>
				<left>729</left>
				<width>1950</width>
				<top>0</top>
				<bottom>0</bottom>
				<aspectratio>scale</aspectratio>
				<texture colordiffuse="$VAR[PatternColorVar]">$INFO[Skin.String(background_overlay),special://skin/extras/patterns/pattern,.png]</texture>
			</control>
			<control type="group" id="33000">
				<left>825</left>
				<top>22</top>
				<visible>!Control.HasFocus(132)</visible>
				<animation effect="fade" time="250">VisibleChange</animation>
				<control type="image">
					<left>990</left>
					<top>-10</top>
					<width>830</width>
					<height>110</height>
					<aspectratio align="right">keep</aspectratio>
					<texture>icons/extendedinfo/moviedb2.png</texture>
				</control>
			</control>
			<control type="group">
				<left>825</left>
				<top>68</top>
				<width>1080</width>
				<height>854</height>
				<control type="label">
					<left>-44</left>
					<top>-35</top>
					<height>60</height>
					<width>1080</width>
					<label>$INFO[Window.Property(label)]</label>
					<font>font45_title</font>
					<scroll>true</scroll>
				</control>
				<control type="image">
					<left>-44</left>
					<top>38</top>
					<width>1080</width>
					<height>1</height>
					<texture>dialogs/extendedinfo/infopanel_line.png</texture>
				</control>
				<control type="grouplist" id="4000">
					<left>-84</left>
					<top>60</top>
					<width>2000</width>
					<itemgap>15</itemgap>
					<height>1000</height>
					<animation type="Conditional" condition="!String.IsEmpty(Window.Property(Bounce.Down))" reversible="false">
						<effect type="slide" end="0,20" time="60" tween="sine" />
						<effect type="slide" end="0,-20" time="180" tween="sine" delay="80" />
					</animation>
					<animation type="Conditional" condition="!String.IsEmpty(Window.Property(Bounce.Up))" reversible="false">
						<effect type="slide" end="0,-20" time="60" tween="sine" />
						<effect type="slide" end="0,20" time="180" tween="sine" delay="80" />
					</animation>
					<scrolltime tween="sine">400</scrolltime>
					<orientation>vertical</orientation>
					<usecontrolcoords>true</usecontrolcoords>
					<control type="label">
						<align>left</align>
						<aligny>center</aligny>
						<left>40</left>
						<top>10</top>
						<width>1080</width>
						<height>25</height>
						<textcolor>$VAR[SkinColorVar]</textcolor>
						<label>$INFO[Window.Property(AlsoKnownAs),$ADDON[script.extendedinfo 32016] : [COLOR=white],[/COLOR]]</label>
						<shadowcolor>text_shadow</shadowcolor>
						<visible>!String.IsEmpty(Window.Property(AlsoKnownAs))</visible>
					</control>
					<control type="label">
						<align>left</align>
						<aligny>center</aligny>
						<left>40</left>
						<top>10</top>
						<width>1080</width>
						<height>25</height>
						<textcolor>$VAR[SkinColorVar]</textcolor>
						<label>$INFO[Window.Property(Birthday),$ADDON[script.extendedinfo 32012] : [COLOR=white],[/COLOR]]  $INFO[Window.Property(Age),$ADDON[script.extendedinfo 32020] : [COLOR=FFFAFAFA],[/COLOR]]</label>
						<shadowcolor>text_shadow</shadowcolor>
						<visible>!String.IsEmpty(Window.Property(Birthday))</visible>
					</control>
					<control type="label">
						<align>left</align>
						<aligny>center</aligny>
						<left>40</left>
						<top>10</top>
						<width>1080</width>
						<height>25</height>
						<textcolor>$VAR[SkinColorVar]</textcolor>
						<label>$INFO[Window.Property(PlaceOfBirth),$ADDON[script.extendedinfo 32014] : [COLOR=white],[/COLOR]]</label>
						<shadowcolor>text_shadow</shadowcolor>
						<visible>!String.IsEmpty(Window.Property(PlaceOfBirth))</visible>
					</control>
					<control type="label">
						<align>left</align>
						<aligny>center</aligny>
						<left>40</left>
						<top>10</top>
						<width>1080</width>
						<height>25</height>
						<textcolor>$VAR[SkinColorVar]</textcolor>
						<label>$INFO[Window.Property(TotalMovies),$ADDON[script.extendedinfo 32011] : [COLOR=white],[/COLOR]]</label>
						<shadowcolor>text_shadow</shadowcolor>
						<visible>!String.IsEmpty(Window.Property(TotalMovies))</visible>
					</control>
					<control type="label">
						<align>left</align>
						<aligny>center</aligny>
						<left>40</left>
						<top>10</top>
						<width>1080</width>
						<height>25</height>
						<textcolor>$VAR[SkinColorVar]</textcolor>
						<label>$INFO[Window.Property(DBMovies),$ADDON[script.extendedinfo 32021] : [COLOR=white],[/COLOR]]</label>
						<shadowcolor>text_shadow</shadowcolor>
						<visible>!String.IsEmpty(Window.Property(DBMovies))</visible>
					</control>
					<control type="label">
						<align>left</align>
						<aligny>center</aligny>
						<left>40</left>
						<top>10</top>
						<width>1080</width>
						<height>25</height>
						<textcolor>$VAR[SkinColorVar]</textcolor>
						<label>$INFO[Window.Property(Homepage),$ADDON[script.extendedinfo 32017] : [COLOR=white],[/COLOR]]</label>
						<shadowcolor>text_shadow</shadowcolor>
						<visible>!String.IsEmpty(Window.Property(Homepage))</visible>
					</control>
					<control type="label">
						<align>left</align>
						<aligny>center</aligny>
						<left>40</left>
						<top>0</top>
						<width>1080</width>
						<height>25</height>
						<textcolor>$VAR[SkinColorVar]</textcolor>
						<label>$INFO[Window.Property(Deathday),$ADDON[script.extendedinfo 32013] : [COLOR=white],[/COLOR]]</label>
						<shadowcolor>text_shadow</shadowcolor>
						<visible>!String.IsEmpty(Window.Property(Deathday))</visible>
					</control>
					<control type="group" id="140">
						<height>255</height>
						<left>18</left>
						<visible>!String.IsEmpty(Window.Property(Biography))</visible>
						<control type="button" id="132">
							<left>0</left>
							<top>0</top>
							<width>1120</width>
							<height>255</height>
							<onup>SetFocus(20000)</onup>
							<ondown>150</ondown>
							<texturefocus border="40" colordiffuse="$VAR[SkinColorVar]">buttons/button-fo.png</texturefocus>
							<texturenofocus border="40" colordiffuse="$VAR[SkinColorVar]">buttons/button-nofo.png</texturenofocus>
							<label/>
						</control>
						<control type="textbox" id="800">
							<left>45</left>
							<top>25</top>
							<width>1030</width>
							<height>205</height>
							<align>justify</align>
							<label fallback="19055">$INFO[Window.Property(Biography)]</label>
							<autoscroll delay="10000" time="5000" repeat="10000">true</autoscroll>
						</control>
					</control>
					<control type="group" id="1500">
						<visible>Integer.IsGreater(Container(150).NumItems,0)</visible>
						<height>510</height>
						<control type="label">
							<top>6</top>
							<left>35</left>
							<right>35</right>
							<height>25</height>
							<aligny>center</aligny>
							<font>font13</font>
							<label>$ADDON[script.extendedinfo 32120]$INFO[Container(150).NumItems, (,)]</label>
						</control>
						<control type="panel" id="150">
							<top>50</top>
							<left>16</left>
							<right>16</right>
							<height>400</height>
							<onleft>150</onleft>
							<onright>150</onright>
							<onup>132</onup>
							<ondown>250</ondown>
							<scrolltime tween="cubic" easing="out">500</scrolltime>
							<orientation>horizontal</orientation>
							<itemlayout width="316" height="400">
								<include content="InfoWallMusicLayout">
									<param name="sub_label" value="$INFO[ListItem.Property(character)]" />
									<param name="main_label" value="$INFO[ListItem.Label]$INFO[ListItem.Year, (,)]" />
									<param name="single_label" value="" />
									<param name="fallback_image" value="icons/extendedinfo/DefaultVideo.png" />
									<param name="focused" value="false" />
								</include>
							</itemlayout>
							<focusedlayout width="316" height="400">
								<control type="group">
									<depth>DepthContentPopout</depth>
									<animation type="Focus" condition="!Skin.HasSetting(no_animations)" reversible="false">
            							<effect type="zoom" end="110" time="75" tween="sine" easing="out" center="auto" />
            							<effect type="zoom" end="91" time="225" tween="sine" delay="100" easing="out" center="auto" />
       					  			</animation>
									<include content="InfoWallMusicLayout">
										<param name="sub_label" value="$INFO[ListItem.Property(character)]" />
										<param name="main_label" value="$INFO[ListItem.Label]$INFO[ListItem.Year, (,)]" />
										<param name="single_label" value="" />
										<param name="fallback_image" value="icons/extendedinfo/DefaultVideo.png" />
										<param name="focused" value="true" />
									</include>
								</control>
							</focusedlayout>
						</control>
					</control>
					<control type="group" id="2500">
						<height>510</height>
						<visible>Integer.IsGreater(Container(250).NumItems,0)</visible>
						<control type="label">
							<top>6</top>
							<left>35</left>
							<right>35</right>
							<height>25</height>
							<aligny>center</aligny>
							<font>font13</font>
							<label>$ADDON[script.extendedinfo 32121]$INFO[Container(250).NumItems, (,)]</label>
						</control>
						<control type="panel" id="250">
							<top>50</top>
							<left>16</left>
							<right>16</right>
							<height>400</height>
							<onleft>250</onleft>
							<onright>250</onright>
							<onup>150</onup>
							<ondown>550</ondown>
							<scrolltime tween="cubic" easing="out">500</scrolltime>
							<orientation>horizontal</orientation>
							<itemlayout width="316" height="400">
								<include content="InfoWallMusicLayout">
									<param name="sub_label" value="$INFO[ListItem.Property(character)]" />
									<param name="main_label" value="$INFO[ListItem.Label]$INFO[ListItem.Year, (,)]" />
									<param name="single_label" value="" />
									<param name="fallback_image" value="icons/extendedinfo/DefaultVideo.png" />
									<param name="focused" value="false" />
								</include>
							</itemlayout>
							<focusedlayout width="316" height="400">
								<control type="group">
									<depth>DepthContentPopout</depth>
									<animation type="Focus" condition="!Skin.HasSetting(no_animations)" reversible="false">
            							<effect type="zoom" end="110" time="75" tween="sine" easing="out" center="auto" />
            							<effect type="zoom" end="91" time="225" tween="sine" delay="100" easing="out" center="auto" />
       					  			</animation>
									<include content="InfoWallMusicLayout">
										<param name="sub_label" value="$INFO[ListItem.Property(character)]" />
										<param name="main_label" value="$INFO[ListItem.Label]$INFO[ListItem.Year, (,)]" />
										<param name="single_label" value="" />
										<param name="fallback_image" value="icons/extendedinfo/DefaultVideo.png" />
										<param name="focused" value="true" />
									</include>
								</control>
							</focusedlayout>
						</control>
					</control>
					<control type="group" id="5500">
						<visible>Integer.IsGreater(Container(550).NumItems,0)</visible>
						<height>510</height>
						<control type="label">
							<top>6</top>
							<left>35</left>
							<right>35</right>
							<height>25</height>
							<aligny>center</aligny>
							<font>font13</font>
							<label>$ADDON[script.extendedinfo 32122]$INFO[Container(550).NumItems, (,)]</label>
						</control>
						<control type="panel" id="550">
							<top>50</top>
							<left>16</left>
							<right>16</right>
							<height>400</height>
							<onleft>550</onleft>
							<onright>550</onright>
							<onup>250</onup>
							<ondown>650</ondown>
							<scrolltime tween="cubic" easing="out">500</scrolltime>
							<orientation>horizontal</orientation>
							<itemlayout width="316" height="400">
								<include content="InfoWallMusicLayout">
									<param name="sub_label" value="$INFO[ListItem.Property(Job)]" />
									<param name="main_label" value="$INFO[ListItem.Label]$INFO[ListItem.Year, (,)]" />
									<param name="single_label" value="" />
									<param name="fallback_image" value="icons/extendedinfo/DefaultVideo.png" />
									<param name="focused" value="false" />
								</include>
							</itemlayout>
							<focusedlayout width="316" height="400">
								<control type="group">
									<depth>DepthContentPopout</depth>
									<animation type="Focus" condition="!Skin.HasSetting(no_animations)" reversible="false">
            							<effect type="zoom" end="110" time="75" tween="sine" easing="out" center="auto" />
            							<effect type="zoom" end="91" time="225" tween="sine" delay="100" easing="out" center="auto" />
       					  			</animation>
									<include content="InfoWallMusicLayout">
										<param name="sub_label" value="$INFO[ListItem.Property(Job)]" />
										<param name="main_label" value="$INFO[ListItem.Label]$INFO[ListItem.Year, (,)]" />
										<param name="single_label" value="" />
										<param name="fallback_image" value="icons/extendedinfo/DefaultVideo.png" />
										<param name="focused" value="true" />
									</include>
								</control>
							</focusedlayout>
						</control>
					</control>
					<control type="group" id="6500">
						<height>510</height>
						<visible>Integer.IsGreater(Container(650).NumItems,0)</visible>
						<control type="label">
							<top>6</top>
							<left>35</left>
							<right>35</right>
							<height>25</height>
							<aligny>center</aligny>
							<font>font13</font>
							<label>$ADDON[script.extendedinfo 32123]$INFO[Container(650).NumItems, (,)]</label>
						</control>
						<control type="panel" id="650">
							<top>50</top>
							<left>16</left>
							<right>16</right>
							<height>400</height>
							<onleft>650</onleft>
							<onright>650</onright>
							<onup>550</onup>
							<ondown>350</ondown>
							<scrolltime tween="cubic" easing="out">500</scrolltime>
							<orientation>horizontal</orientation>
							<itemlayout width="316" height="400">
								<include content="InfoWallMusicLayout">
									<param name="sub_label" value="$INFO[ListItem.Property(Job)]" />
									<param name="main_label" value="$INFO[ListItem.Label]$INFO[ListItem.Year, (,)]" />
									<param name="single_label" value="" />
									<param name="fallback_image" value="icons/extendedinfo/DefaultVideo.png" />
									<param name="focused" value="false" />
								</include>
							</itemlayout>
							<focusedlayout width="316" height="400">
								<control type="group">
									<depth>DepthContentPopout</depth>
									<animation type="Focus" condition="!Skin.HasSetting(no_animations)" reversible="false">
            							<effect type="zoom" end="110" time="75" tween="sine" easing="out" center="auto" />
            							<effect type="zoom" end="91" time="225" tween="sine" delay="100" easing="out" center="auto" />
       					  			</animation>
									<include content="InfoWallMusicLayout">
										<param name="sub_label" value="$INFO[ListItem.Property(Job)]" />
										<param name="main_label" value="$INFO[ListItem.Label]$INFO[ListItem.Year, (,)]" />
										<param name="single_label" value="" />
										<param name="fallback_image" value="icons/extendedinfo/DefaultVideo.png" />
										<param name="focused" value="true" />
									</include>
								</control>
							</focusedlayout>
						</control>
					</control>
					<control type="group">
						<visible>Integer.IsGreater(Container(350).NumItems,0)</visible>
						<height>420</height>
						<control type="label">
							<top>6</top>
							<left>35</left>
							<right>35</right>
							<height>25</height>
							<aligny>center</aligny>
							<font>font13</font>
							<label>$ADDON[script.extendedinfo 32118]$INFO[Container(350).NumItems, (,)]</label>
						</control>
						<control type="panel" id="350">
							<left>15</left>
							<top>50</top>
							<right>15</right>
							<height>400</height>
							<onleft>350</onleft>
							<onright>350</onright>
							<onup>650</onup>
							<ondown>450</ondown>
							<pagecontrol>60</pagecontrol>
							<scrolltime tween="cubic" easing="out">500</scrolltime>
							<orientation>horizontal</orientation>
							<preloaditems>2</preloaditems>
							<itemlayout height="300" width="316.5">
								<include content="InfoWallEpisodeLayout">
									<param name="focused" value="false" />
									<param name="label" value="$INFO[ListItem.Label]" />
								</include>
							</itemlayout>
							<focusedlayout height="300" width="316.5">
								<control type="group">
									<depth>DepthContentPopout</depth>
									<animation type="Focus" condition="!Skin.HasSetting(no_animations)" reversible="false">
            							<effect type="zoom" end="110" time="75" tween="sine" easing="out" center="auto" />
            							<effect type="zoom" end="91" time="225" tween="sine" delay="100" easing="out" center="auto" />
       					  			</animation>
									<include content="InfoWallEpisodeLayout">
										<param name="focused" value="true" />
										<param name="label" value="$INFO[ListItem.Label]" />
									</include>
								</control>
							</focusedlayout>
						</control>
					</control>
					<control type="group" id="4500">
						<height>530</height>
						<visible>Integer.IsGreater(Container(450).NumItems,0)</visible>
						<control type="label">
							<top>6</top>
							<left>35</left>
							<right>35</right>
							<height>25</height>
							<aligny>center</aligny>
							<font>font13</font>
							<label>$ADDON[script.extendedinfo 32119]$INFO[Container(450).NumItems, (,)]</label>
						</control>
						<control type="panel" id="450">
							<top>50</top>
							<left>0</left>
							<right>0</right>
							<height>500</height>
							<onleft>450</onleft>
							<onright>450</onright>
							<onup>350</onup>
							<ondown>750</ondown>
							<scrolltime tween="cubic" easing="out">500</scrolltime>
							<orientation>horizontal</orientation>
							<itemlayout height="445" width="322">
								<control type="group">
									<left>0</left>
									<top>20</top>
									<include>InfoWallMovieLayout</include>
								</control>
							</itemlayout>
							<focusedlayout height="445" width="322">
								<control type="group">
									<depth>DepthContentPopout</depth>
									<left>0</left>
									<top>20</top>
									<animation type="Focus" condition="!Skin.HasSetting(no_animations)" reversible="false">
            							<effect type="zoom" end="110" time="75" tween="sine" easing="out" center="auto" />
            							<effect type="zoom" end="91" time="225" tween="sine" delay="100" easing="out" center="auto" />
       					  			</animation>
									<include content="InfoWallMovieLayout">
										<param name="focused" value="true" />
									</include>
								</control>
							</focusedlayout>
						</control>
					</control>
					<control type="group" id="7500">
						<height>550</height>
						<visible>Integer.IsGreater(Container(750).NumItems,0)</visible>
						<control type="label">
							<left>35</left>
							<top>6</top>
							<right>35</right>
							<height>25</height>
							<aligny>center</aligny>
							<font>font13</font>
							<label>$LOCALIZE[20445]$INFO[Container(750).NumItems, (,)]</label>
						</control>
						<control type="panel" id="750">
							<top>30</top>
							<left>0</left>
							<right>0</right>
							<height>600</height>
							<onleft>750</onleft>
							<onright>750</onright>
							<onup>450</onup>
							<ondown>SetFocus(20001)</ondown>
							<scrolltime tween="cubic" easing="out">500</scrolltime>
							<orientation>horizontal</orientation>
							<itemlayout height="445" width="644">
								<control type="group">
									<left>0</left>
									<top>20</top>
									<control type="image">
										<left>15</left>
										<top>-10</top>
										<width>612</width>
										<height>362</height>
										<texture background="true" fallback="icons/extendedinfo/DefaultVideo.png">$INFO[ListItem.Thumb]</texture>
										<aspectratio>stretch</aspectratio>
										<bordertexture border="21">overlays/shadow.png</bordertexture>
										<bordersize>20</bordersize>
									</control>
								</control>
								<control type="label">
									<left>40</left>
									<top>370</top>
									<height>60</height>
									<right>40</right>
									<label>$INFO[ListItem.Label]</label>
									<font>font12_title</font>
									<align>center</align>
									<aligny>center</aligny>
									<scroll>true</scroll>
								</control>
							</itemlayout>
							<focusedlayout height="445" width="644">
								<control type="group">
									<depth>DepthContentPopout</depth>
									<left>0</left>
									<top>20</top>
									<animation type="Focus" condition="!Skin.HasSetting(no_animations)" reversible="false">
            							<effect type="zoom" end="110" time="75" tween="sine" easing="out" center="auto" />
            							<effect type="zoom" end="91" time="225" tween="sine" delay="100" easing="out" center="auto" />
       					  			</animation>
									<control type="image">
										<left>9</left>
										<top>-15</top>
										<width>624</width>
										<height>373</height>
										<texture colordiffuse="$VAR[SkinColorVar]">colors/grey.png</texture>
										<bordertexture border="21">overlays/shadow.png</bordertexture>
										<bordersize>20</bordersize>
									</control>
									<control type="image">
										<left>9</left>
										<top>-15</top>
										<width>624</width>
										<height>373</height>
										<texture colordiffuse="$VAR[GradientColorVar]">colors/gradient.png</texture>
										<bordertexture border="21">overlays/shadow.png</bordertexture>
										<bordersize>20</bordersize>
										<visible>Skin.HasSetting(EnableGradientColor)</visible>
									</control>
									<control type="image">
										<left>15</left>
										<top>-10</top>
										<width>612</width>
										<height>362</height>
										<texture background="true" fallback="icons/extendedinfo/DefaultVideo.png">$INFO[ListItem.Thumb]</texture>
										<aspectratio>stretch</aspectratio>
										<bordersize>20</bordersize>
									</control>
								</control>
								<control type="label">
									<left>40</left>
									<top>370</top>
									<height>60</height>
									<right>40</right>
									<label>$INFO[ListItem.Label]</label>
									<font>font12_title</font>
									<align>center</align>
									<aligny>center</aligny>
									<scroll>true</scroll>
								</control>
							</focusedlayout>
						</control>
					</control>
				</control>
			</control>
		</control>
	</controls>
</window>