<?xml version="1.0" encoding="utf-8"?>
<window>
	<defaultcontrol always="true">4000</defaultcontrol>
	<controls>
		<control type="group">
			<animation effect="slide" start="5042,0" end="0,0" time="1500" tween="sine">WindowOpen</animation>
			<animation effect="slide" end="1242,0" time="450" tween="sine" condition="Control.HasFocus(132) | ControlGroup(5000).HasFocus">WindowClose</animation>
			<animation effect="slide" end="0,1080" time="450" tween="sine" condition="!Control.HasFocus(132) + !ControlGroup(5000).HasFocus">WindowClose</animation>
			<animation effect="slide" end="-749,0" time="450" tween="sine" easing="inout" condition="!Control.HasFocus(132) + !ControlGroup(5000).HasFocus">Conditional</animation>
			<control type="image">
				<left>729</left>
				<width>1950</width>
				<top>0</top>
				<bottom>0</bottom>
				<texture fallback="colors/black.png">$INFO[Window.Property(ImageFilter)]</texture>
			</control>
			<control type="image">
				<depth>DepthBackground</depth>
				<left>729</left>
				<width>2590</width>
				<top>0</top>
				<bottom>0</bottom>
				<aspectratio>scale</aspectratio>
				<texture colordiffuse="$VAR[BackgroundColorVar]">special://skin/extras/backgrounds/primary.jpg</texture>
			</control>
			<control type="image">
				<depth>DepthBackground</depth>
				<left>729</left>
				<width>2590</width>
				<top>0</top>
				<bottom>0</bottom>
				<aspectratio>scale</aspectratio>
				<texture colordiffuse="$VAR[PatternColorVar]">$INFO[Skin.String(background_overlay),special://skin/extras/patterns/pattern,.png]</texture>
			</control>
			<control type="button" id="20000">
				<height>0</height>
				<width>0</width>
				<texturefocus/>
				<left>-5000</left>
				<onfocus>SetFocus(132)</onfocus>
				<visible allowhiddenfocus="true">Control.HasFocus(20000)</visible>
			</control>
			<control type="button" id="20001">
				<height>0</height>
				<width>0</width>
				<texturefocus/>
				<left>-5000</left>
				<visible allowhiddenfocus="true">Control.HasFocus(20001)</visible>
			</control>
			<control type="group">
				<left>-40</left>
				<control type="grouplist" id="4000">
					<orientation>vertical</orientation>
					<scrolltime tween="sine">400</scrolltime>
					<left>800</left>
					<top>184</top>
					<itemgap>20</itemgap>
					<ondown/>
					<animation type="Conditional" condition="!String.IsEmpty(Window.Property(Bounce.Down))" reversible="false">
						<effect type="slide" end="0,20" time="60" tween="sine" />
						<effect type="slide" end="0,-20" time="180" tween="sine" delay="80" />
					</animation>
					<animation type="Conditional" condition="!String.IsEmpty(Window.Property(Bounce.Up))" reversible="false">
						<effect type="slide" end="0,-20" time="60" tween="sine" />
						<effect type="slide" end="0,20" time="180" tween="sine" delay="80" />
					</animation>
					<width>2100</width>
					<height>896</height>
					<control type="group" id="140">
						<height>220</height>
						<visible>!String.IsEmpty(Window.Property(Plot))</visible>
						<control type="button" id="132">
							<top>0</top>
							<left>0</left>
							<width>1140</width>
							<height>255</height>
							<ondown>5000</ondown>
							<onup>SetFocus(20000)</onup>
							<texturefocus border="40" colordiffuse="$VAR[SkinColorVar]">buttons/button-fo.png</texturefocus>
							<texturenofocus border="40" colordiffuse="$VAR[SkinColorVar]">buttons/button-nofo.png</texturenofocus>
							<label/>
						</control>
						<control type="textbox" id="800">
							<left>45</left>
							<top>25</top>
							<width>1050</width>
							<height>205</height>
							<align>justify</align>
							<label fallback="19055">[B]$INFO[Window.Property(TagLine),,[CR]][/B]$INFO[Window.Property(Plot)]</label>
							<autoscroll delay="10000" time="5000" repeat="10000">Skin.HasSetting(AutoScroll)</autoscroll>
						</control>
					</control>
					<control type="group" id="50000">
						<height>120</height>
						<control type="image">
							<left>-10</left>
							<top>55</top>
							<width>28</width>
							<height>28</height>
							<texture colordiffuse="$VAR[SkinColorVar]" flipx="true">overlays/arrowright.png</texture>
							<animation effect="fade" time="200">VisibleChange</animation>
							<animation effect="slide" start="-150" end="0" delay="640" time="320" tween="cubic">WindowOpen</animation>
							<visible>Container(5000).HasPrevious + ControlGroup(5000).HasFocus</visible>
						</control>
						<control type="image">
							<left>1122</left>
							<top>55</top>
							<width>28</width>
							<height>28</height>
							<texture colordiffuse="$VAR[SkinColorVar]">overlays/arrowright.png</texture>
							<animation effect="fade" time="200">VisibleChange</animation>
							<animation effect="slide" start="150" end="0" delay="640" time="320" tween="cubic">WindowOpen</animation>
							<visible>Container(5000).HasNext + ControlGroup(5000).HasFocus</visible>
						</control>
						<control type="grouplist" id="5000">
							<left>0</left>
							<top>0</top>
							<width>1140</width>
							<height>140</height>
							<onup>132</onup>
							<ondown>1000</ondown>
							<itemgap>-7</itemgap>
							<orientation>horizontal</orientation>
							<scrolltime tween="quadratic">200</scrolltime>
							<control type="radiobutton" id="8">
								<label>$LOCALIZE[208]</label>
								<textureradioonfocus colordiffuse="D0FFFFFF">icons/infodialogs/play.png</textureradioonfocus>
								<textureradioofffocus colordiffuse="D0FFFFFF">icons/infodialogs/play.png</textureradioofffocus>
								<textureradiooffnofocus colordiffuse="D0FFFFFF">icons/infodialogs/play.png</textureradiooffnofocus>
								<textureradioonnofocus colordiffuse="D0FFFFFF">icons/infodialogs/play.png</textureradioonnofocus>
								<width>290</width>
								<height>140</height>
								<textoffsetx>0</textoffsetx>
								<align>center</align>
								<texturefocus border="40" colordiffuse="$VAR[SkinColorVar]">buttons/button-fo.png</texturefocus>
								<texturenofocus border="40" colordiffuse="$VAR[SkinColorVar]">buttons/button-nofo.png</texturenofocus>
								<font>font12</font>
								<aligny>bottom</aligny>
								<textoffsety>77</textoffsety>
								<radioposx>123</radioposx>
								<radioposy>30</radioposy>
								<radiowidth>44</radiowidth>
								<radioheight>44</radioheight>
								<visible>!String.IsEmpty(Window.Property(DBID)) + !String.IsEqual(Window.Property(Type),tvshow)</visible>
							</control>
							<control type="radiobutton" id="120">
								<label>$LOCALIZE[21385]</label>
								<textureradioonfocus colordiffuse="D0FFFFFF">icons/infodialogs/play.png</textureradioonfocus>
								<textureradioofffocus colordiffuse="D0FFFFFF">icons/infodialogs/play.png</textureradioofffocus>
								<textureradiooffnofocus colordiffuse="D0FFFFFF">icons/infodialogs/play.png</textureradiooffnofocus>
								<textureradioonnofocus colordiffuse="D0FFFFFF">icons/infodialogs/play.png</textureradioonnofocus>
								<width>290</width>
								<height>140</height>
								<textoffsetx>0</textoffsetx>
								<align>center</align>
								<texturefocus border="40" colordiffuse="$VAR[SkinColorVar]">buttons/button-fo.png</texturefocus>
								<texturenofocus border="40" colordiffuse="$VAR[SkinColorVar]">buttons/button-nofo.png</texturenofocus>
								<font>font12</font>
								<aligny>bottom</aligny>
								<textoffsety>77</textoffsety>
								<radioposx>123</radioposx>
								<radioposy>30</radioposy>
								<radiowidth>44</radiowidth>
								<radioheight>44</radioheight>
								<visible>!String.IsEmpty(Window.Property(DBID)) + String.IsEqual(Window.Property(Type),tvshow)</visible>
							</control>
							<control type="group" id="99">
								<width>290</width>
								<height>140</height>
								<visible>!String.IsEmpty(Window.Property(DBID)) + Integer.IsGreater(Window.Property(PercentPlayed),0)</visible>
								<control type="button" id="9">
									<label>$LOCALIZE[13404] $INFO[Window.Property(PercentPlayed),(,%)]</label>
									<width>290</width>
									<height>140</height>
									<textoffsetx>0</textoffsetx>
									<align>center</align>
									<texturefocus border="40" colordiffuse="$VAR[SkinColorVar]">buttons/button-fo.png</texturefocus>
									<texturenofocus border="40" colordiffuse="$VAR[SkinColorVar]">buttons/button-nofo.png</texturenofocus>
									<font>font12</font>
									<aligny>bottom</aligny>
									<textoffsety>77</textoffsety>
									<onclick>Action(Close)</onclick>
									<onleft>120</onleft>
									<onright>6001</onright>
									<onup>132</onup>
									<ondown>1000</ondown>
								</control>
								<control type="image">
									<left>105</left>
									<top>10</top>
									<texture colordiffuse="FF999999">dialogs/extendedinfo/circle/back.png</texture>
									<width>80</width>
									<height>80</height>
								</control>
								<control type="image">
									<left>105</left>
									<top>10</top>
									<texture>dialogs/extendedinfo/circle/p$INFO[Window.Property(PercentPlayed)].png</texture>
									<width>80</width>
									<height>80</height>
								</control>
							</control>
							<control type="group" id="30000">
								<left>0</left>
								<top>0</top>
								<visible>!String.IsEqual(Window.Property(type),season)</visible>
								<width>290</width>
								<height>400</height>
								<control type="radiobutton" id="6001">
									<label>$ADDON[script.extendedinfo 32129]</label>
									<textureradioonfocus/>
									<textureradioofffocus colordiffuse="D0FFFFFF">icons/infodialogs/rating.png</textureradioofffocus>
									<textureradiooffnofocus colordiffuse="D0FFFFFF">icons/infodialogs/rating.png</textureradiooffnofocus>
									<textureradioonnofocus/>
									<left>0</left>
									<top>0</top>
									<width>290</width>
									<height>140</height>
									<textoffsetx>0</textoffsetx>
									<align>center</align>
									<texturefocus border="40" colordiffuse="$VAR[SkinColorVar]">buttons/button-fo.png</texturefocus>
									<texturenofocus border="40" colordiffuse="$VAR[SkinColorVar]">buttons/button-nofo.png</texturenofocus>
									<font>font12</font>
									<onleft>9</onleft>
									<onright>6003</onright>
									<onup>132</onup>
									<ondown>1000</ondown>
									<aligny>bottom</aligny>
									<selected>!String.IsEmpty(Window.Property(rated))</selected>
									<textoffsety>77</textoffsety>
									<radioposx>123</radioposx>
									<radioposy>30</radioposy>
									<radiowidth>44</radiowidth>
									<radioheight>44</radioheight>
								</control>
								<control type="label">
									<left>0</left>
									<top>35</top>
									<align>center</align>
									<aligny>center</aligny>
									<height>30</height>
									<width>290</width>
									<textoffsetx>0</textoffsetx>
									<textoffsety>0</textoffsety>
									<font>font35_title</font>
									<animation effect="fade" start="100" end="70" time="0" condition="!Control.HasFocus(6001)">Conditional</animation>
									<label>$INFO[Window.Property(rated)]</label>
								</control>
							</control>
							<control type="radiobutton" id="6003">
								<label>$INFO[Window.Property(FavButton_Label)]</label>
								<onleft>6001</onleft>
								<textureradioonfocus colordiffuse="D0FFFFFF">icons/extendedinfo/starminus.png</textureradioonfocus>
								<textureradioofffocus colordiffuse="D0FFFFFF">icons/extendedinfo/star.png</textureradioofffocus>
								<textureradiooffnofocus colordiffuse="D0FFFFFF">icons/extendedinfo/star.png</textureradiooffnofocus>
								<textureradioonnofocus colordiffuse="D0FFFFFF">icons/extendedinfo/starminus.png</textureradioonnofocus>
								<width>290</width>
								<height>140</height>
								<textoffsetx>0</textoffsetx>
								<align>center</align>
								<texturefocus border="40" colordiffuse="$VAR[SkinColorVar]">buttons/button-fo.png</texturefocus>
								<texturenofocus border="40" colordiffuse="$VAR[SkinColorVar]">buttons/button-nofo.png</texturenofocus>
								<font>font12</font>
								<aligny>bottom</aligny>
								<textoffsety>77</textoffsety>
								<radioposx>123</radioposx>
								<radioposy>30</radioposy>
								<radiowidth>44</radiowidth>
								<radioheight>44</radioheight>
								<selected>!String.IsEmpty(Window.Property(favorite))</selected>
								<visible>!String.IsEmpty(Window.Property(tmdb_logged_in))</visible>
								<visible>!String.IsEqual(Window.Property(type),season) + !String.IsEqual(Window.Property(type),episode)</visible>
							</control>
							<control type="radiobutton" id="6005">
								<label>$ADDON[script.extendedinfo 32107]</label>
								<textureradioonfocus colordiffuse="D0FFFFFF">icons/extendedinfo/checkmark.png</textureradioonfocus>
								<textureradioofffocus colordiffuse="D0FFFFFF">icons/extendedinfo/checkmark.png</textureradioofffocus>
								<textureradiooffnofocus colordiffuse="D0FFFFFF">icons/extendedinfo/checkmark.png</textureradiooffnofocus>
								<textureradioonnofocus colordiffuse="D0FFFFFF">icons/extendedinfo/checkmark.png</textureradioonnofocus>
								<width>290</width>
								<height>140</height>
								<textoffsetx>0</textoffsetx>
								<align>center</align>
								<texturefocus border="40" colordiffuse="$VAR[SkinColorVar]">buttons/button-fo.png</texturefocus>
								<texturenofocus border="40" colordiffuse="$VAR[SkinColorVar]">buttons/button-nofo.png</texturenofocus>
								<font>font12</font>
								<aligny>bottom</aligny>
								<textoffsety>77</textoffsety>
								<radioposx>123</radioposx>
								<radioposy>30</radioposy>
								<radiowidth>44</radiowidth>
								<radioheight>44</radioheight>
								<visible>!String.IsEmpty(Window.Property(tmdb_logged_in))</visible>
								<visible>!String.IsEqual(Window.Property(type),season) + !String.IsEqual(Window.Property(type),episode)</visible>
							</control>
							<control type="radiobutton" id="6002">
								<label>$ADDON[script.extendedinfo 32130]</label>
								<textureradioonfocus colordiffuse="D0FFFFFF">icons/extendedinfo/list.png</textureradioonfocus>
								<textureradioofffocus colordiffuse="D0FFFFFF">icons/extendedinfo/list.png</textureradioofffocus>
								<textureradiooffnofocus colordiffuse="D0FFFFFF">icons/extendedinfo/list.png</textureradiooffnofocus>
								<textureradioonnofocus colordiffuse="D0FFFFFF">icons/extendedinfo/list.png</textureradioonnofocus>
								<width>290</width>
								<height>140</height>
								<textoffsetx>0</textoffsetx>
								<align>center</align>
								<texturefocus border="40" colordiffuse="$VAR[SkinColorVar]">buttons/button-fo.png</texturefocus>
								<texturenofocus border="40" colordiffuse="$VAR[SkinColorVar]">buttons/button-nofo.png</texturenofocus>
								<font>font12</font>
								<aligny>bottom</aligny>
								<textoffsety>77</textoffsety>
								<radioposx>123</radioposx>
								<radioposy>30</radioposy>
								<radiowidth>44</radiowidth>
								<radioheight>44</radioheight>
								<visible>!String.IsEmpty(Window.Property(tmdb_logged_in))</visible>
								<visible>!String.IsEqual(Window.Property(type),season) + !String.IsEqual(Window.Property(type),episode)</visible>
							</control>
							<control type="radiobutton" id="6006">
								<label>$ADDON[script.extendedinfo 32131]</label>
								<textureradioonfocus colordiffuse="D0FFFFFF">icons/extendedinfo/list.png</textureradioonfocus>
								<textureradioofffocus colordiffuse="D0FFFFFF">icons/extendedinfo/list.png</textureradioofffocus>
								<textureradiooffnofocus colordiffuse="D0FFFFFF">icons/extendedinfo/list.png</textureradiooffnofocus>
								<textureradioonnofocus colordiffuse="D0FFFFFF">icons/extendedinfo/list.png</textureradioonnofocus>
								<width>290</width>
								<height>140</height>
								<textoffsetx>0</textoffsetx>
								<align>center</align>
								<texturefocus border="40" colordiffuse="$VAR[SkinColorVar]">buttons/button-fo.png</texturefocus>
								<texturenofocus border="40" colordiffuse="$VAR[SkinColorVar]">buttons/button-nofo.png</texturenofocus>
								<font>font12</font>
								<aligny>bottom</aligny>
								<textoffsety>77</textoffsety>
								<radioposx>123</radioposx>
								<radioposy>30</radioposy>
								<radiowidth>44</radiowidth>
								<radioheight>44</radioheight>
								<visible>String.IsEmpty(Window.Property(tmdb_logged_in))</visible>
								<visible>!String.IsEqual(Window.Property(type),season) + !String.IsEqual(Window.Property(type),TVShow)</visible>
							</control>
							<control type="radiobutton" id="100">
								<width>290</width>
								<height>140</height>
								<textoffsetx>0</textoffsetx>
								<align>center</align>
								<texturefocus border="40" colordiffuse="$VAR[SkinColorVar]">buttons/button-fo.png</texturefocus>
								<texturenofocus border="40" colordiffuse="$VAR[SkinColorVar]">buttons/button-nofo.png</texturenofocus>
								<font>font12</font>
								<aligny>bottom</aligny>
								<textoffsety>77</textoffsety>
								<radioposx>123</radioposx>
								<radioposy>30</radioposy>
								<radiowidth>44</radiowidth>
								<radioheight>44</radioheight>
								<label>$ADDON[script.extendedinfo 32132]</label>
								<onclick>XBMC.RunScript(script.videoextras,display,"$INFO[Window.Property(FilenameAndPath)]")</onclick>
								<visible>System.HasAddon(script.videoextras) + String.IsEmpty(Window(movieinformation).Property(HideVideoExtrasButton))</visible>
								<visible>!String.IsEmpty(Window.Property(FilenameAndPath))</visible>
								<textureradioonfocus colordiffuse="D0FFFFFF">icons/extendedinfo/plus2.png</textureradioonfocus>
								<textureradioofffocus colordiffuse="D0FFFFFF">icons/extendedinfo/plus2.png</textureradioofffocus>
								<textureradiooffnofocus colordiffuse="D0FFFFFF">icons/extendedinfo/plus2.png</textureradiooffnofocus>
								<textureradioonnofocus colordiffuse="D0FFFFFF">icons/extendedinfo/plus2.png</textureradioonnofocus>
							</control>
							<control type="radiobutton" id="445">
								<width>290</width>
								<height>140</height>
								<textoffsetx>0</textoffsetx>
								<align>center</align>
								<texturefocus border="40" colordiffuse="$VAR[SkinColorVar]">buttons/button-fo.png</texturefocus>
								<texturenofocus border="40" colordiffuse="$VAR[SkinColorVar]">buttons/button-nofo.png</texturenofocus>
								<font>font12</font>
								<aligny>bottom</aligny>
								<textoffsety>77</textoffsety>
								<radioposx>123</radioposx>
								<radioposy>30</radioposy>
								<radiowidth>44</radiowidth>
								<radioheight>44</radioheight>
								<textureradioonfocus colordiffuse="D0FFFFFF">icons/extendedinfo/tool2.png</textureradioonfocus>
								<textureradioofffocus colordiffuse="D0FFFFFF">icons/extendedinfo/tool2.png</textureradioofffocus>
								<textureradiooffnofocus colordiffuse="D0FFFFFF">icons/extendedinfo/tool2.png</textureradiooffnofocus>
								<textureradioonnofocus colordiffuse="D0FFFFFF">icons/extendedinfo/tool2.png</textureradioonnofocus>
								<label>$ADDON[script.extendedinfo 32133]</label>
								<visible>!Skin.HasSetting(kioskmode)</visible>
							</control>
						</control>
					</control>
					<control type="group">
						<top>60</top>
						<visible>!String.IsEmpty(Window.Property(DBID))</visible>
						<visible>String.IsEqual(Window.Property(type),movie) | String.IsEqual(Window.Property(type),episode)</visible>
						<height>75</height>
						<control type="image">
							<left>20</left>
							<top>0</top>
							<width>1100</width>
							<height>1</height>
							<texture>dialogs/extendedinfo/infopanel_line.png</texture>
						</control>
						<control type="grouplist">
							<left>45</left>
							<top>0</top>
							<width>1045</width>
							<height>90</height>
							<orientation>horizontal</orientation>
							<itemgap>25</itemgap>
							<usecontrolcoords>true</usecontrolcoords>
							<control type="image" id="900014">
								<top>5</top>
								<width>62</width>
								<height>62</height>
								<aspectratio>keep</aspectratio>
								<texture colordiffuse="FFFAFAFA">$INFO[Window.Property(VideoResolution),flags/videoresolution/,.png]</texture>
								<visible>!String.IsEmpty(Window.Property(VideoResolution))</visible>
							</control>
							<control type="image">
								<width>2</width>
								<height>71</height>
								<texture>dialogs/extendedinfo/upright.png</texture>
								<visible>!String.IsEmpty(Window.Property(VideoResolution))</visible>
							</control>
							<control type="image" id="900012">
								<top>5</top>
								<width>100</width>
								<height>62</height>
								<aspectratio>keep</aspectratio>
								<texture colordiffuse="FFFAFAFA">$INFO[Window.Property(VideoCodec),flags/videocodec/,.png]</texture>
								<visible>!String.IsEmpty(Window.Property(VideoCodec))</visible>
							</control>
							<control type="image">
								<width>2</width>
								<height>71</height>
								<texture>dialogs/extendedinfo/upright.png</texture>
								<visible>!String.IsEmpty(Window.Property(VideoCodec))</visible>
							</control>
							<control type="image" id="900015">
								<top>5</top>
								<width>80</width>
								<height>62</height>
								<aspectratio>keep</aspectratio>
								<texture colordiffuse="FFFAFAFA">$INFO[Window.Property(VideoAspect),flags/aspectratio/,.png]</texture>
								<visible>!String.IsEmpty(Window.Property(VideoAspect))</visible>
							</control>
							<control type="image">
								<width>2</width>
								<height>71</height>
								<texture>dialogs/extendedinfo/upright.png</texture>
								<visible>!String.IsEmpty(Window.Property(VideoAspect))</visible>
							</control>
							<control type="image" id="900013">
								<top>5</top>
								<width>100</width>
								<height>62</height>
								<aspectratio>keep</aspectratio>
								<texture colordiffuse="FFFAFAFA">$INFO[Window.Property(AudioCodec),flags/audiocodec/,.png]</texture>
								<visible>!String.IsEmpty(Window.Property(AudioCodec))</visible>
							</control>
							<control type="image">
								<width>2</width>
								<height>71</height>
								<texture>dialogs/extendedinfo/upright.png</texture>
								<visible>!String.IsEmpty(Window.Property(AudioCodec))</visible>
							</control>
							<control type="image" id="900016">
								<top>5</top>
								<width>100</width>
								<height>62</height>
								<aspectratio>keep</aspectratio>
								<texture colordiffuse="FFFAFAFA">$INFO[Window.Property(AudioChannels),flags/audiochannel/,.png]</texture>
								<visible>!String.IsEmpty(Window.Property(AudioChannels))</visible>
							</control>
							<control type="image">
								<width>2</width>
								<height>71</height>
								<texture>dialogs/extendedinfo/upright.png</texture>
								<visible>!String.IsEmpty(Window.Property(AudioChannels))</visible>
							</control>
							<!-- Language flags -->
							<control type="grouplist">
								<visible>!String.IsEmpty(Window.Property(AudioLanguage.1)) | !String.IsEmpty(Window.Property(AudioLanguage.2))</visible>
								<height>70</height>
								<orientation>vertical</orientation>
								<usecontrolcoords>true</usecontrolcoords>
								<control type="grouplist" id="11000">
									<top>6</top>
									<width>600</width>
									<height>28</height>
									<align>left</align>
									<itemgap>6</itemgap>
									<orientation>horizontal</orientation>
									<animation effect="slide" end="0,16" time="0" condition="String.IsEmpty(Window.Property(SubtitleLanguage.1)) + String.IsEmpty(Window.Property(SubtitleLanguage.2))">Conditional</animation>
									<control type="image">
										<width>28</width>
										<height>28</height>
										<texture colordiffuse="FFFAFAFA">icons/infodialogs/audio.png</texture>
										<aspectratio aligny="center">keep</aspectratio>
									</control>
									<control type="image">
										<width>28</width>
										<height>28</height>
										<aspectratio>keep</aspectratio>
										<texture>$INFO[Window.Property(AudioLanguage.1),icons/infodialogs/flags/,.png]</texture>
										<visible>!String.IsEmpty(Window.Property(AudioLanguage.1))</visible>
									</control>
									<control type="image">
										<width>28</width>
										<height>28</height>
										<aspectratio>keep</aspectratio>
										<texture>$INFO[Window.Property(AudioLanguage.2),icons/infodialogs/flags/,.png]</texture>
									</control>
									<control type="image">
										<width>28</width>
										<height>28</height>
										<aspectratio>keep</aspectratio>
										<texture>$INFO[Window.Property(AudioLanguage.3),icons/infodialogs/flags/,.png]</texture>
									</control>
									<control type="image">
										<width>28</width>
										<height>28</height>
										<aspectratio>keep</aspectratio>
										<texture>$INFO[Window.Property(AudioLanguage.4),icons/infodialogs/flags/,.png]</texture>
									</control>
									<control type="image">
										<width>28</width>
										<height>28</height>
										<aspectratio>keep</aspectratio>
										<texture>$INFO[Window.Property(AudioLanguage.5),icons/infodialogs/flags/,.png]</texture>
									</control>
									<control type="image">
										<width>28</width>
										<height>28</height>
										<aspectratio>keep</aspectratio>
										<texture>$INFO[Window.Property(AudioLanguage.6),icons/infodialogs/flags/,.png]</texture>
									</control>
									<control type="image">
										<width>28</width>
										<height>28</height>
										<aspectratio>keep</aspectratio>
										<texture>$INFO[Window.Property(AudioLanguage.7),icons/infodialogs/flags/,.png]</texture>
									</control>
									<control type="image">
										<width>28</width>
										<height>28</height>
										<aspectratio>keep</aspectratio>
										<texture>$INFO[Window.Property(AudioLanguage.8),icons/infodialogs/flags/,.png]</texture>
									</control>
									<control type="image">
										<width>28</width>
										<height>28</height>
										<aspectratio>keep</aspectratio>
										<texture>$INFO[Window.Property(AudioLanguage.9),icons/infodialogs/flags/,.png]</texture>
									</control>
									<control type="image">
										<width>28</width>
										<height>28</height>
										<aspectratio>keep</aspectratio>
										<texture>$INFO[Window.Property(AudioLanguage.10),icons/infodialogs/flags/,.png]</texture>
									</control>
									<control type="image">
										<width>28</width>
										<height>28</height>
										<aspectratio>keep</aspectratio>
										<texture>$INFO[Window.Property(AudioLanguage.11),icons/infodialogs/flags/,.png]</texture>
									</control>
									<control type="image">
										<width>28</width>
										<height>28</height>
										<aspectratio>keep</aspectratio>
										<texture>$INFO[Window.Property(AudioLanguage.12),icons/infodialogs/flags/,.png]</texture>
									</control>
								</control>
								<!-- Subtitle flags -->
								<control type="grouplist" id="12000">
									<left>0</left>
									<top>4</top>
									<visible>!String.IsEmpty(Window.Property(SubtitleLanguage.1)) | !String.IsEmpty(Window.Property(SubtitleLanguage.2))</visible>
									<width>600</width>
									<height>28</height>
									<align>left</align>
									<itemgap>6</itemgap>
									<orientation>horizontal</orientation>
									<control type="image">
										<width>28</width>
										<height>28</height>
										<texture colordiffuse="FFFAFAFA">icons/infodialogs/subtitles.png</texture>
										<aspectratio aligny="center">keep</aspectratio>
									</control>
									<control type="image">
										<width>28</width>
										<height>28</height>
										<aspectratio>keep</aspectratio>
										<texture>$INFO[Window.Property(SubtitleLanguage.1),icons/infodialogs/flags/,.png]</texture>
										<visible>!String.IsEmpty(Window.Property(SubtitleLanguage.1))</visible>
									</control>
									<control type="image">
										<width>28</width>
										<height>28</height>
										<aspectratio>keep</aspectratio>
										<texture>$INFO[Window.Property(SubtitleLanguage.2),icons/infodialogs/flags/,.png]</texture>
										<visible>!String.IsEmpty(Window.Property(SubtitleLanguage.2))</visible>
									</control>
									<control type="image">
										<width>28</width>
										<height>28</height>
										<aspectratio>keep</aspectratio>
										<texture>$INFO[Window.Property(SubtitleLanguage.3),icons/infodialogs/flags/,.png]</texture>
										<visible>!String.IsEmpty(Window.Property(SubtitleLanguage.3))</visible>
									</control>
									<control type="image">
										<width>28</width>
										<height>28</height>
										<aspectratio>keep</aspectratio>
										<texture>$INFO[Window.Property(SubtitleLanguage.4),icons/infodialogs/flags/,.png]</texture>
										<visible>!String.IsEmpty(Window.Property(SubtitleLanguage.4))</visible>
									</control>
									<control type="image">
										<width>28</width>
										<height>28</height>
										<aspectratio>keep</aspectratio>
										<texture>$INFO[Window.Property(SubtitleLanguage.5),icons/infodialogs/flags/,.png]</texture>
										<visible>!String.IsEmpty(Window.Property(SubtitleLanguage.5))</visible>
									</control>
									<control type="image">
										<width>28</width>
										<height>28</height>
										<aspectratio>keep</aspectratio>
										<texture>$INFO[Window.Property(SubtitleLanguage.6),icons/infodialogs/flags/,.png]</texture>
										<visible>!String.IsEmpty(Window.Property(SubtitleLanguage.6))</visible>
									</control>
									<control type="image">
										<width>28</width>
										<height>28</height>
										<texture>$INFO[Window.Property(SubtitleLanguage.7),icons/infodialogs/flags/,.png]</texture>
										<aspectratio>keep</aspectratio>
										<visible>!String.IsEmpty(Window.Property(SubtitleLanguage.7))</visible>
									</control>
									<control type="image">
										<width>28</width>
										<height>28</height>
										<aspectratio>keep</aspectratio>
										<texture>$INFO[Window.Property(SubtitleLanguage.8),icons/infodialogs/flags/,.png]</texture>
										<visible>!String.IsEmpty(Window.Property(SubtitleLanguage.8))</visible>
									</control>
									<control type="image">
										<width>28</width>
										<height>28</height>
										<aspectratio>keep</aspectratio>
										<texture>$INFO[Window.Property(SubtitleLanguage.9),icons/infodialogs/flags/,.png]</texture>
										<visible>!String.IsEmpty(Window.Property(SubtitleLanguage.9))</visible>
									</control>
									<control type="image">
										<width>28</width>
										<height>28</height>
										<aspectratio>keep</aspectratio>
										<texture>$INFO[Window.Property(SubtitleLanguage.10),icons/infodialogs/flags/,.png]</texture>
										<visible>!String.IsEmpty(Window.Property(SubtitleLanguage.10))</visible>
									</control>
									<control type="image">
										<width>28</width>
										<height>28</height>
										<aspectratio>keep</aspectratio>
										<texture>$INFO[Window.Property(SubtitleLanguage.11),icons/infodialogs/flags/,.png]</texture>
										<visible>!String.IsEmpty(Window.Property(SubtitleLanguage.11))</visible>
									</control>
									<control type="image">
										<width>28</width>
										<height>28</height>
										<aspectratio>keep</aspectratio>
										<texture>$INFO[Window.Property(SubtitleLanguage.12),icons/infodialogs/flags/,.png]</texture>
										<visible>!String.IsEmpty(Window.Property(SubtitleLanguage.12))</visible>
									</control>
								</control>
							</control>
						</control>
						<control type="image">
							<left>20</left>
							<top>71</top>
							<width>1100</width>
							<height>1</height>
							<texture>dialogs/extendedinfo/infopanel_line.png</texture>
						</control>
					</control>
					<control type="group" id="50111">
						<visible>Integer.IsGreater(Container(1000).NumItems,0)</visible>
						<height>450</height>
						<control type="label">
							<left>25</left>
							<top>6</top>
							<right>25</right>
							<height>25</height>
							<aligny>center</aligny>
							<font>font13</font>
							<label>$LOCALIZE[206]$INFO[Container(1000).NumItems, (,)]</label>
						</control>
						<control type="panel" id="1000">
							<left>0</left>
							<top>40</top>
							<right>187</right>
							<height>400</height>
							<onleft>1000</onleft>
							<onright>1000</onright>
							<onup>5000</onup>
							<ondown>750</ondown>
							<scrolltime tween="cubic" easing="out">500</scrolltime>
							<orientation>horizontal</orientation>
							<itemlayout width="316" height="400">
								<include content="InfoWallMusicLayout">
									<param name="sub_label" value="$INFO[ListItem.Label]" />
									<param name="main_label" value="$INFO[ListItem.Property(character),$LOCALIZE[20347] ]" />
									<param name="single_label" value="" />
									<param name="fallback_image" value="DefaultActorSolid.png" />
									<param name="focused" value="false" />
								</include>
							</itemlayout>
							<focusedlayout width="316" height="400">
								<control type="group">
									<depth>DepthContentPopout</depth>
									<animation type="Focus" condition="!Skin.HasSetting(no_animations)" reversible="false">
            							<effect type="zoom" end="110" time="75" tween="sine" easing="out" center="auto" />
            							<effect type="zoom" end="91" time="225" tween="sine" delay="100" easing="out" center="auto" />
       					 			</animation>
									<include content="InfoWallMusicLayout">
										<param name="sub_label" value="$INFO[ListItem.Label]" />
										<param name="main_label" value="$INFO[ListItem.Property(character),$LOCALIZE[20347] ]" />
										<param name="single_label" value="" />
										<param name="fallback_image" value="DefaultActorSolid.png" />
										<param name="focused" value="true" />
									</include>
								</control>
							</focusedlayout>
						</control>
					</control>
					<control type="group" id="54111">
						<visible>Integer.IsGreater(Container(750).NumItems,0)</visible>
						<height>450</height>
						<control type="label">
							<left>25</left>
							<top>6</top>
							<right>25</right>
							<height>25</height>
							<aligny>center</aligny>
							<font>font13</font>
							<label>$ADDON[script.extendedinfo 32115]$INFO[Container(750).NumItems, (,)]</label>
						</control>
						<control type="panel" id="750">
							<left>0</left>
							<top>40</top>
							<right>187</right>
							<height>400</height>
							<onleft>750</onleft>
							<onright>750</onright>
							<onup>1000</onup>
							<ondown>150</ondown>
							<scrolltime tween="cubic" easing="out">500</scrolltime>
							<orientation>horizontal</orientation>
							<itemlayout width="316" height="400">
								<include content="InfoWallMusicLayout">
									<param name="sub_label" value="$INFO[ListItem.Label]" />
									<param name="main_label" value="$INFO[ListItem.Property(job)]" />
									<param name="single_label" value="" />
									<param name="fallback_image" value="DefaultActorSolid.png" />
									<param name="focused" value="false" />
								</include>
							</itemlayout>
							<focusedlayout width="316" height="400">
								<control type="group">
									<depth>DepthContentPopout</depth>
									<animation type="Focus" condition="!Skin.HasSetting(no_animations)" reversible="false">
            							<effect type="zoom" end="110" time="75" tween="sine" easing="out" center="auto" />
            							<effect type="zoom" end="91" time="225" tween="sine" delay="100" easing="out" center="auto" />
       					 			</animation>
									<include content="InfoWallMusicLayout">
										<param name="sub_label" value="$INFO[ListItem.Label]" />
										<param name="main_label" value="$INFO[ListItem.Property(job)]" />
										<param name="single_label" value="" />
										<param name="fallback_image" value="DefaultActorSolid.png" />>
										<param name="focused" value="true" />
									</include>
								</control>
							</focusedlayout>
						</control>
					</control>
					<control type="group">
						<height>120</height>
						<visible>!String.IsEmpty(Window.Property(omdb.Awards)) | !String.IsEmpty(Window.Property(omdb.tomatoConsensus))</visible>
						<control type="image">
							<left>30</left>
							<top>0</top>
							<width>70</width>
							<height>70</height>
							<texture>icons/extendedinfo/info.png</texture>
						</control>
						<control type="textbox" id="800">
							<left>130</left>
							<top>-5</top>
							<right>220</right>
							<height>85</height>
							<align>left</align>
							<label>[I]$INFO[Window.Property(omdb.Awards),,[CR]]$INFO[Window.Property(omdb.tomatoConsensus),,[CR]][/I]</label>
							<shadowcolor>text_shadow</shadowcolor>
							<autoscroll delay="5000" time="5000" repeat="5000">true</autoscroll>
						</control>
					</control>
					<control type="group" id="50112">
						<visible>Integer.IsGreater(Container(150).NumItems,0)</visible>
						<height>500</height>
						<control type="label">
							<left>25</left>
							<top>6</top>
							<right>25</right>
							<height>25</height>
							<aligny>center</aligny>
							<font>font13</font>
							<label>$ADDON[script.extendedinfo 32116]$INFO[Container(150).NumItems, (,)]</label>
						</control>
						<control type="panel" id="150">
							<left>-15</left>
							<top>40</top>
							<right>151</right>
							<height>500</height>
							<onleft>150</onleft>
							<onright>150</onright>
							<onup>750</onup>
							<ondown>250</ondown>
							<scrolltime tween="cubic" easing="out">500</scrolltime>
							<orientation>horizontal</orientation>
							<itemlayout height="445" width="322">
								<control type="group">
									<left>0</left>
									<top>20</top>
									<include>InfoWallMovieLayout</include>
								</control>
							</itemlayout>
							<focusedlayout height="445" width="322">
								<control type="group">
									<depth>DepthContentPopout</depth>
									<left>0</left>
									<top>20</top>
									<animation type="Focus" condition="!Skin.HasSetting(no_animations)" reversible="false">
            							<effect type="zoom" end="110" time="75" tween="sine" easing="out" center="auto" />
            							<effect type="zoom" end="91" time="225" tween="sine" delay="100" easing="out" center="auto" />
       					 			</animation>
									<include content="InfoWallMovieLayout">
										<param name="focused" value="true" />
									</include>
								</control>
							</focusedlayout>
						</control>
					</control>
					<control type="group">
						<visible>!String.IsEmpty(Window.Property(set.label))</visible>
						<top>400</top>
						<height>350</height>
						<control type="image">
							<top>45</top>
							<left>20</left>
							<right>220</right>
							<height>325</height>
							<texture>$INFO[Window.Property(set.fanart)]</texture>
							<aspectratio aligny="center">scale</aspectratio>
							<fadetime>0</fadetime>
						</control>
						<control type="image">
							<top>45</top>
							<left>220</left>
							<right>220</right>
							<height>325</height>
							<visible>!String.IsEmpty(Window.Property(set.fanart))</visible>
							<texture colordiffuse="66FFFFFF">colors/black.png</texture>
							<aspectratio>scale</aspectratio>
						</control>
						<control type="label">
							<left>25</left>
							<top>0</top>
							<right>225</right>
							<height>25</height>
							<aligny>center</aligny>
							<font>font13</font>
							<label>$LOCALIZE[20141] : $INFO[Window.Property(set.label)]$INFO[Container(250).NumItems, (,)]</label>
						</control>
						<control type="textbox">
							<left>270</left>
							<top>55</top>
							<right>240</right>
							<height>280</height>
							<label fallback="19055">$INFO[Window.Property(set.overview)]</label>
							<align>justify</align>
							<autoscroll delay="10000" time="2000" repeat="10000">true</autoscroll>
							<visible>!String.IsEqual(Window.Property(set.overview),Window.Property(set.label))</visible>
						</control>
						<control type="image">
							<top>45</top>
							<left>20</left>
							<width>224</width>
							<height>325</height>
							<texture fallback="icons/extendedinfo/DefaultVideo.png">$INFO[Window.Property(set.thumb)]</texture>
							<aspectratio aligny="center">scale</aspectratio>
							<bordertexture colordiffuse="$VAR[SkinColorVar]">colors/white.png</bordertexture>
							<bordersize>2</bordersize>
							<fadetime>0</fadetime>
						</control>
					</control>
					<control type="group" id="50113">
						<height>500</height>
						<visible>Integer.IsGreater(Container(250).NumItems,0)</visible>
						<control type="label">
							<left>25</left>
							<top>6</top>
							<right>25</right>
							<height>25</height>
							<aligny>center</aligny>
							<font>font13</font>
							<label>$LOCALIZE[33054]$INFO[Container(250).NumItems, (,)]</label>
							<visible>String.IsEmpty(Window.Property(set.label))</visible>
						</control>
						<control type="panel" id="250">
							<left>-15</left>
							<top>40</top>
							<right>151</right>
							<height>500</height>
							<onleft>250</onleft>
							<onright>250</onright>
							<onup>150</onup>
							<ondown>1150</ondown>
							<scrolltime tween="cubic" easing="out">500</scrolltime>
							<orientation>horizontal</orientation>
							<itemlayout height="445" width="322">
								<control type="group">
									<left>0</left>
									<top>20</top>
									<include>InfoWallMovieLayout</include>
								</control>
							</itemlayout>
							<focusedlayout height="445" width="322">
								<control type="group">
									<depth>DepthContentPopout</depth>
									<left>0</left>
									<top>20</top>
									<animation type="Focus" condition="!Skin.HasSetting(no_animations)" reversible="false">
            							<effect type="zoom" end="110" time="75" tween="sine" easing="out" center="auto" />
            							<effect type="zoom" end="91" time="225" tween="sine" delay="100" easing="out" center="auto" />
       					 			</animation>
									<include content="InfoWallMovieLayout">
										<param name="focused" value="true" />
									</include>
								</control>
							</focusedlayout>
						</control>
					</control>
					<control type="group">
						<visible>Integer.IsGreater(Container(1150).NumItems,0)</visible>
						<height>350</height>
						<control type="label">
							<left>25</left>
							<top>6</top>
							<right>25</right>
							<height>25</height>
							<aligny>center</aligny>
							<font>font13</font>
							<label>$ADDON[script.extendedinfo 32117]$INFO[Container(1150).NumItems, (,)]</label>
						</control>
						<control type="panel" id="1150">
							<left>0</left>
							<top>40</top>
							<right>184</right>
							<height>300</height>
							<onleft>1150</onleft>
							<onright>1150</onright>
							<onup>250</onup>
							<ondown>350</ondown>
							<pagecontrol>60</pagecontrol>
							<scrolltime tween="cubic" easing="out">500</scrolltime>
							<orientation>horizontal</orientation>
							<preloaditems>2</preloaditems>
							<itemlayout height="300" width="316.5">
								<include content="InfoWallEpisodeLayout">
									<param name="focused" value="false" />
									<param name="label" value="$INFO[ListItem.Property(Type),[B], : [/B]]$INFO[ListItem.Label]" />
								</include>
							</itemlayout>
							<focusedlayout height="300" width="316.5">
								<control type="group">
									<depth>DepthContentPopout</depth>
									<animation type="Focus" condition="!Skin.HasSetting(no_animations)" reversible="false">
            							<effect type="zoom" end="110" time="75" tween="sine" easing="out" center="auto" />
            							<effect type="zoom" end="91" time="225" tween="sine" delay="100" easing="out" center="auto" />
       					 			</animation>
									<include content="InfoWallEpisodeLayout">
										<param name="focused" value="true" />
										<param name="label" value="$INFO[ListItem.Property(Type),[B], : [/B]]$INFO[ListItem.Label]" />
									</include>
								</control>
							</focusedlayout>
						</control>
					</control>
					<control type="group">
						<visible>Integer.IsGreater(Container(350).NumItems,0)</visible>
						<height>350</height>
						<control type="label">
							<left>25</left>
							<top>6</top>
							<right>25</right>
							<height>25</height>
							<aligny>center</aligny>
							<font>font13</font>
							<label>$ADDON[script.extendedinfo 32118]$INFO[Container(350).NumItems, (,)]</label>
						</control>
						<control type="panel" id="350">
							<left>0</left>
							<top>40</top>
							<right>184</right>
							<height>300</height>
							<onleft>350</onleft>
							<onright>350</onright>
							<onup>1150</onup>
							<ondown>550</ondown>
							<pagecontrol>60</pagecontrol>
							<scrolltime tween="cubic" easing="out">500</scrolltime>>
							<orientation>horizontal</orientation>
							<preloaditems>2</preloaditems>
							<itemlayout height="300" width="316.5">
								<include content="InfoWallEpisodeLayout">
									<param name="focused" value="false" />
									<param name="label" value="$INFO[ListItem.Label]" />
								</include>
							</itemlayout>
							<focusedlayout height="300" width="316.5">
								<control type="group">
									<depth>DepthContentPopout</depth>
									<animation type="Focus" condition="!Skin.HasSetting(no_animations)" reversible="false">
            							<effect type="zoom" end="110" time="75" tween="sine" easing="out" center="auto" />
            							<effect type="zoom" end="91" time="225" tween="sine" delay="100" easing="out" center="auto" />
       					 			</animation>
									<include content="InfoWallEpisodeLayout">
										<param name="focused" value="true" />
										<param name="label" value="$INFO[ListItem.Label]" />
									</include>
								</control>
							</focusedlayout>
						</control>
					</control>
					<control type="group">
						<visible>Integer.IsGreater(Container(550).NumItems,0)</visible>
						<height>300</height>
						<control type="label">
							<left>25</left>
							<top>6</top>
							<right>25</right>
							<height>25</height>
							<aligny>center</aligny>
							<font>font13</font>
							<label>$LOCALIZE[20388]$INFO[Container(550).NumItems, (,)]</label>
						</control>
						<control type="panel" id="550">
							<left>0</left>
							<top>40</top>
							<right>186</right>
							<height>340</height>
							<onleft>550</onleft>
							<onright>550</onright>
							<onup>350</onup>
							<ondown>1450</ondown>
							<pagecontrol>60</pagecontrol>
							<scrolltime tween="cubic" easing="out">500</scrolltime>
							<orientation>horizontal</orientation>
							<preloaditems>2</preloaditems>
							<itemlayout height="340" width="316">
								<control type="group">
									<control type="image">
										<width>316</width>
										<height>200</height>
										<texture>dialogs/dialog-bg-nobo.png</texture>
										<bordertexture border="21">overlays/shadow.png</bordertexture>
										<bordersize>20</bordersize>
									</control>
									<control type="image">
										<centertop>74</centertop>
										<left>58</left>
										<width>200</width>
										<height>100</height>
										<texture fallback="icons/extendedinfo/default.png">$INFO[ListItem.Thumb]</texture>
										<aspectratio>keep</aspectratio>
									</control>
									<control type="textbox">
										<left>38</left>
										<top>107</top>
										<width>240</width>
										<height>68</height>
										<label>$INFO[ListItem.Label]</label>
										<font>font25_narrow</font>
										<shadowcolor>text_shadow</shadowcolor>
										<align>center</align>
										<aligny>center</aligny>
									</control>
								</control>
							</itemlayout>
							<focusedlayout height="340" width="316">
								<control type="group">
									<depth>DepthContentPopout</depth>
									<animation type="Focus" condition="!Skin.HasSetting(no_animations)" reversible="false">
            							<effect type="zoom" end="110" time="75" tween="sine" easing="out" center="auto" />
            							<effect type="zoom" end="91" time="225" tween="sine" delay="100" easing="out" center="auto" />
       					 			</animation>
									<control type="image">
										<width>316</width>
										<height>200</height>
										<texture>dialogs/dialog-bg-nobo.png</texture>
										<bordertexture border="21">overlays/shadow.png</bordertexture>
										<bordersize>20</bordersize>
									</control>
									<control type="image">
										<top>-6</top>
										<left>-6</left>
										<width>328</width>
										<height>212</height>
										<texture colordiffuse="$VAR[SkinColorVar]">colors/grey.png</texture>
										<bordertexture border="21">overlays/shadow.png</bordertexture>
										<bordersize>20</bordersize>
									</control>
									<control type="image">
										<top>-6</top>
										<left>-6</left>
										<width>328</width>
										<height>212</height>
										<texture colordiffuse="$VAR[GradientColorVar]">colors/gradient2.png</texture>
										<bordertexture border="21">overlays/shadow.png</bordertexture>
										<bordersize>20</bordersize>
										<visible>Skin.HasSetting(EnableGradientColor)</visible>
									</control>
									<control type="image">
										<centertop>74</centertop>
										<left>58</left>
										<width>200</width>
										<height>100</height>
										<texture fallback="icons/extendedinfo/default.png">$INFO[ListItem.Thumb]</texture>
										<aspectratio>keep</aspectratio>
									</control>
									<control type="textbox">
										<left>38</left>
										<top>107</top>
										<width>240</width>
										<height>68</height>
										<label>$INFO[ListItem.Label]</label>
										<font>font25_narrow</font>
										<shadowcolor>text_shadow</shadowcolor>
										<align>center</align>
										<aligny>center</aligny>
										<autoscroll delay="1000" time="1000" repeat="1000">true</autoscroll>
									</control>
								</control>
							</focusedlayout>
						</control>
					</control>
					<control type="group">
						<visible>Integer.IsGreater(Container(1450).NumItems,0)</visible>
						<height>300</height>
						<control type="label">
							<left>25</left>
							<top>6</top>
							<right>25</right>
							<height>25</height>
							<aligny>center</aligny>
							<font>font13</font>
							<label>$ADDON[script.extendedinfo 32152]$INFO[Container(1450).NumItems, (,)]</label>
						</control>
						<control type="panel" id="1450">
							<left>0</left>
							<top>40</top>
							<right>186</right>
							<height>340</height>
							<onleft>1450</onleft>
							<onright>1450</onright>
							<onup>550</onup>
							<ondown>650</ondown>
							<pagecontrol>60</pagecontrol>
							<scrolltime tween="cubic" easing="out">500</scrolltime>
							<orientation>horizontal</orientation>
							<preloaditems>2</preloaditems>
							<itemlayout height="340" width="316">
								<control type="group">
									<control type="image">
										<width>316</width>
										<height>200</height>
										<texture>dialogs/dialog-bg-nobo.png</texture>
										<bordertexture border="21">overlays/shadow.png</bordertexture>
										<bordersize>20</bordersize>
									</control>
									<control type="image">
										<centertop>74</centertop>
										<left>58</left>
										<width>200</width>
										<height>100</height>
										<texture fallback="icons/extendedinfo/default.png">$INFO[ListItem.Thumb]</texture>
										<aspectratio>keep</aspectratio>
									</control>
									<control type="textbox">
										<left>38</left>
										<top>107</top>
										<width>240</width>
										<height>68</height>
										<label>$INFO[ListItem.Label]</label>
										<font>font25_narrow</font>
										<shadowcolor>text_shadow</shadowcolor>
										<align>center</align>
										<aligny>center</aligny>
									</control>
								</control>
							</itemlayout>
							<focusedlayout height="340" width="316">
								<control type="group">
									<depth>DepthContentPopout</depth>
									<animation type="Focus" condition="!Skin.HasSetting(no_animations)" reversible="false">
            							<effect type="zoom" end="110" time="75" tween="sine" easing="out" center="auto" />
            							<effect type="zoom" end="91" time="225" tween="sine" delay="100" easing="out" center="auto" />
       					 			</animation>
									<control type="image">
										<width>316</width>
										<height>200</height>
										<texture>dialogs/dialog-bg-nobo.png</texture>
										<bordertexture border="21">overlays/shadow.png</bordertexture>
										<bordersize>20</bordersize>
									</control>
									<control type="image">
										<top>-6</top>
										<left>-6</left>
										<width>328</width>
										<height>212</height>
										<texture colordiffuse="$VAR[SkinColorVar]">colors/grey.png</texture>
										<bordertexture border="21">overlays/shadow.png</bordertexture>
										<bordersize>20</bordersize>
									</control>
									<control type="image">
										<top>-6</top>
										<left>-6</left>
										<width>328</width>
										<height>212</height>
										<texture colordiffuse="$VAR[GradientColorVar]">colors/gradient2.png</texture>
										<bordertexture border="21">overlays/shadow.png</bordertexture>
										<bordersize>20</bordersize>
										<visible>Skin.HasSetting(EnableGradientColor)</visible>
									</control>
									<control type="image">
										<centertop>74</centertop>
										<left>58</left>
										<width>200</width>
										<height>100</height>
										<texture fallback="icons/extendedinfo/default.png">$INFO[ListItem.Thumb]</texture>
										<aspectratio>keep</aspectratio>
									</control>
									<control type="textbox">
										<left>38</left>
										<top>107</top>
										<width>240</width>
										<height>68</height>
										<label>$INFO[ListItem.Label]</label>
										<font>font25_narrow</font>
										<shadowcolor>text_shadow</shadowcolor>
										<align>center</align>
										<aligny>center</aligny>
										<autoscroll delay="1000" time="1000" repeat="1000">true</autoscroll>
									</control>
								</control>
							</focusedlayout>
						</control>
					</control>
					<control type="group">
						<visible>Integer.IsGreater(Container(650).NumItems,0)</visible>
						<height>450</height>
						<control type="label">
							<left>25</left>
							<top>6</top>
							<right>25</right>
							<height>25</height>
							<aligny>center</aligny>
							<font>font13</font>
							<label>$ADDON[script.extendedinfo 32168]$INFO[Container(650).NumItems, (,)]</label>
						</control>
						<control type="textbox">
							<left>25</left>
							<top>250</top>
							<right>220</right>
							<height>170</height>
							<font>font13</font>
							<shadowcolor>text_shadow</shadowcolor>
							<label>$INFO[Container(650).ListItem.Property(meaning)]</label>
							<autoscroll delay="10000" time="4000" repeat="8000">true</autoscroll>
						</control>
						<control type="panel" id="650">
							<left>0</left>
							<top>40</top>
							<right>155</right>
							<height>400</height>
							<onleft>650</onleft>
							<onright>650</onright>
							<onup>1450</onup>
							<ondown>850</ondown>
							<pagecontrol>60</pagecontrol>
							<scrolltime tween="cubic" easing="out">500</scrolltime>
							<orientation>horizontal</orientation>
							<preloaditems>2</preloaditems>
							<itemlayout height="400" width="241">
								<control type="group">
									<left>0</left>
									<control type="image">
										<top>0</top>
										<width>200</width>
										<height>220</height>
										<texture border="40" colordiffuse="$VAR[SkinColorVar]">buttons/button-nofo.png</texture>
									</control>
									<control type="image">
										<top>50</top>
										<width>200</width>
										<height>70</height>
										<texture>$INFO[ListItem.Property(iso_3166_1),icons/extendedinfo/language/,.png]</texture>
										<aspectratio aligny="center" align="center">keep</aspectratio>
									</control>
									<control type="textbox">
										<left>20</left>
										<top>100</top>
										<width>160</width>
										<height>69</height>
										<align>center</align>
										<font>font12</font>
										<shadowcolor>text_shadow</shadowcolor>
										<label>$INFO[ListItem.Premiered][CR][B]$INFO[ListItem.Property(certification)][/B]</label>
									</control>
								</control>
							</itemlayout>
							<focusedlayout height="400" width="241">
								<control type="group">
									<left>0</left>
									<animation type="Focus" condition="!Skin.HasSetting(no_animations)" reversible="false">
            							<effect type="zoom" end="110" time="75" tween="sine" easing="out" center="auto" />
            							<effect type="zoom" end="91" time="225" tween="sine" delay="100" easing="out" center="auto" />
       					 			</animation>
									<control type="image">
										<top>0</top>
										<width>200</width>
										<height>220</height>
										<texture border="40" colordiffuse="$VAR[SkinColorVar]">buttons/button-nofo.png</texture>
									</control>
									<control type="image">
										<left>14</left>
										<top>14</top>
										<width>172</width>
										<height>192</height>
										<texture colordiffuse="$VAR[SkinColorVar]">colors/grey.png</texture>
										<bordertexture border="21">overlays/shadow.png</bordertexture>
									</control>
									<control type="image">
										<left>14</left>
										<top>14</top>
										<width>172</width>
										<height>192</height>
										<texture colordiffuse="$VAR[GradientColorVar]">colors/gradient2.png</texture>
										<visible>Skin.HasSetting(EnableGradientColor)</visible>
									</control>
									<control type="image">
										<top>50</top>
										<width>200</width>
										<height>70</height>
										<texture>$INFO[ListItem.Property(iso_3166_1),icons/extendedinfo/language/,.png]</texture>
										<aspectratio aligny="center" align="center">keep</aspectratio>
									</control>
									<control type="textbox">
										<left>20</left>
										<top>100</top>
										<width>160</width>
										<height>69</height>
										<align>center</align>
										<font>font12</font>
										<shadowcolor>text_shadow</shadowcolor>
										<label>$INFO[ListItem.Premiered][CR][B]$INFO[ListItem.Property(certification)][/B]</label>
										<autoscroll delay="5000" time="2000" repeat="8001">true</autoscroll>
									</control>
								</control>
							</focusedlayout>
						</control>
					</control>
					<control type="group">
						<visible>Integer.IsGreater(Container(850).NumItems,0)</visible>
						<height>160</height>
						<control type="label">
							<left>25</left>
							<top>6</top>
							<right>25</right>
							<height>25</height>
							<aligny>center</aligny>
							<font>font13</font>
							<label>$LOCALIZE[135]$INFO[Container(850).NumItems, (,)]</label>
						</control>
						<control type="panel" id="850">
							<left>0</left>
							<top>40</top>
							<right>0</right>
							<height>100</height>
							<onleft>850</onleft>
							<onright>850</onright>
							<onup>650</onup>
							<ondown>1050</ondown>
							<pagecontrol>60</pagecontrol>
							<scrolltime tween="cubic" easing="out">500</scrolltime>
							<orientation>horizontal</orientation>
							<itemlayout height="100" width="270">
								<control type="group">
									<control type="image">
										<left>0</left>
										<top>0</top>
										<width>280</width>
										<height>100</height>
										<texture border="40" colordiffuse="$VAR[SkinColorVar]">buttons/button-nofo.png</texture>
									</control>
									<control type="label">
										<left>20</left>
										<top>0</top>
										<width>240</width>
										<height>100</height>
										<align>center</align>
										<aligny>center</aligny>
										<font>font12</font>
										<textoffsetx>10</textoffsetx>
										<label>$INFO[ListItem.Label]</label>
									</control>
								</control>
							</itemlayout>
							<focusedlayout height="100" width="270">
								<control type="group">
									<animation type="Focus" condition="!Skin.HasSetting(no_animations)" reversible="false">
            							<effect type="zoom" end="110" time="75" tween="sine" easing="out" center="auto" />
            							<effect type="zoom" end="91" time="225" tween="sine" delay="100" easing="out" center="auto" />
       					 			</animation>
									<control type="image">
										<left>0</left>
										<top>0</top>
										<width>280</width>
										<height>100</height>
										<texture border="40" colordiffuse="$VAR[SkinColorVar]">buttons/button-nofo.png</texture>
									</control>
									<control type="image">
										<left>14</left>
										<top>14</top>
										<width>252</width>
										<height>72</height>
										<texture colordiffuse="$VAR[SkinColorVar]">colors/grey.png</texture>
										<bordertexture border="21">overlays/shadow.png</bordertexture>
									</control>
									<control type="image">
										<left>14</left>
										<top>14</top>
										<width>252</width>
										<height>72</height>
										<texture colordiffuse="$VAR[GradientColorVar]">colors/gradient2.png</texture>
										<visible>Skin.HasSetting(EnableGradientColor)</visible>
									</control>
									<control type="label">
										<left>20</left>
										<top>0</top>
										<width>240</width>
										<height>100</height>
										<align>center</align>
										<aligny>center</aligny>
										<font>font12</font>
										<textoffsetx>10</textoffsetx>
										<scroll>true</scroll>
										<label>$INFO[ListItem.Label]</label>
									</control>
								</control>
							</focusedlayout>
						</control>
					</control>
					<control type="group">
						<visible>Integer.IsGreater(Container(1050).NumItems,0)</visible>
						<height>430</height>
						<control type="label">
							<left>25</left>
							<top>6</top>
							<right>25</right>
							<height>25</height>
							<aligny>center</aligny>
							<font>font13</font>
							<label>$ADDON[script.extendedinfo 32167]$INFO[Container(1050).NumItems, (,)]</label>
						</control>
						<control type="panel" id="1050">
							<left>0</left>
							<top>40</top>
							<right>151</right>
							<height>400</height>
							<onleft>1050</onleft>
							<onright>1050</onright>
							<onup>850</onup>
							<ondown>950</ondown>
							<pagecontrol>60</pagecontrol>
							<scrolltime tween="cubic" easing="out">500</scrolltime>
							<orientation>horizontal</orientation>
							<preloaditems>2</preloaditems>
							<itemlayout height="400" width="630">
								<control type="group">
									<control type="image">
										<left>0</left>
										<top>0</top>
										<width>630</width>
										<height>400</height>
										<texture border="40" colordiffuse="$VAR[SkinColorVar]">buttons/button-nofo.png</texture>
									</control>
									<control type="textbox">
										<left>40</left>
										<top>40</top>
										<width>550</width>
										<height>320</height>
										<align>center</align>
										<font>font12</font>
										<label>$INFO[ListItem.Property(Author),[B],[/B][CR]]$INFO[ListItem.Property(Content)]</label>
									</control>
								</control>
							</itemlayout>
							<focusedlayout height="400" width="630">
								<control type="group">
									<animation type="Focus" condition="!Skin.HasSetting(no_animations)" reversible="false">
            							<effect type="zoom" end="110" time="75" tween="sine" easing="out" center="auto" />
            							<effect type="zoom" end="91" time="225" tween="sine" delay="100" easing="out" center="auto" />
       								</animation>
									<control type="image">
										<width>630</width>
										<height>400</height>
										<texture border="40" colordiffuse="$VAR[SkinColorVar]">buttons/button-nofo.png</texture>
									</control>
									<control type="image">
										<left>14</left>
										<top>14</top>
										<width>602</width>
										<height>372</height>
										<texture colordiffuse="$VAR[SkinColorVar]">colors/grey.png</texture>
										<bordertexture border="21">overlays/shadow.png</bordertexture>
									</control>
									<control type="image">
										<left>14</left>
										<top>14</top>
										<width>602</width>
										<height>372</height>
										<texture colordiffuse="$VAR[GradientColorVar]">colors/gradient2.png</texture>
										<visible>Skin.HasSetting(EnableGradientColor)</visible>
									</control>
									<control type="textbox">
										<left>40</left>
										<top>40</top>
										<width>550</width>
										<height>320</height>
										<align>center</align>
										<font>font12</font>
										<label>$INFO[ListItem.Property(Author),[B],[/B][CR]]$INFO[ListItem.Property(Content)]</label>
									</control>
								</control>
							</focusedlayout>
						</control>
					</control>
					<control type="group">
						<visible>Integer.IsGreater(Container(950).NumItems,0)</visible>
						<height>370</height>
						<control type="label">
							<left>25</left>
							<top>6</top>
							<right>25</right>
							<height>25</height>
							<aligny>center</aligny>
							<font>font13</font>
							<label>$LOCALIZE[21861]$INFO[Container(950).NumItems, (,)]</label>
						</control>
						<control type="panel" id="950">
							<left>0</left>
							<top>40</top>
							<right>0</right>
							<height>300</height>
							<onleft>950</onleft>
							<onright>950</onright>
							<onup>1050</onup>
							<ondown>1250</ondown>
							<pagecontrol>60</pagecontrol>
							<scrolltime tween="cubic" easing="out">500</scrolltime>
							<orientation>vertical</orientation>
							<preloaditems>2</preloaditems>
							<itemlayout height="100" width="270">
								<control type="group">
									<control type="image">
										<left>0</left>
										<top>0</top>
										<width>280</width>
										<height>100</height>
										<texture border="40" colordiffuse="$VAR[SkinColorVar]">buttons/button-nofo.png</texture>
									</control>
									<control type="label">
										<top>0</top>
										<left>20</left>
										<width>240</width>
										<height>100</height>
										<align>center</align>
										<aligny>center</aligny>
										<label>$INFO[ListItem.Label]</label>
										<textoffsetx>10</textoffsetx>
										<font>font12</font>
									</control>
								</control>
							</itemlayout>
							<focusedlayout height="100" width="270">
								<control type="group">
									<animation type="Focus" condition="!Skin.HasSetting(no_animations)" reversible="false">
            							<effect type="zoom" end="110" time="75" tween="sine" easing="out" center="auto" />
            							<effect type="zoom" end="91" time="225" tween="sine" delay="100" easing="out" center="auto" />
       					 			</animation>
									<control type="image">
										<width>280</width>
										<height>100</height>
										<texture border="40" colordiffuse="$VAR[SkinColorVar]">buttons/button-nofo.png</texture>
									</control>
									<control type="image">
										<left>14</left>
										<top>14</top>
										<width>252</width>
										<height>72</height>
										<texture colordiffuse="$VAR[SkinColorVar]">colors/grey.png</texture>
										<bordertexture border="21">overlays/shadow.png</bordertexture>
									</control>
									<control type="image">
										<left>14</left>
										<top>14</top>
										<width>252</width>
										<height>72</height>
										<texture colordiffuse="$VAR[GradientColorVar]">colors/gradient2.png</texture>
										<visible>Skin.HasSetting(EnableGradientColor)</visible>
									</control>
									<control type="label">
										<left>20</left>
										<top>0</top>
										<width>240</width>
										<height>100</height>
										<align>center</align>
										<aligny>center</aligny>
										<label>$INFO[ListItem.Label]</label>
										<textoffsetx>10</textoffsetx>
										<scroll>true</scroll>
										<font>font12</font>
									</control>
								</control>
							</focusedlayout>
						</control>
					</control>
					<control type="group">
						<height>500</height>
						<visible>Integer.IsGreater(Container(1250).NumItems,0)</visible>
						<control type="label">
							<left>25</left>
							<top>6</top>
							<right>25</right>
							<height>25</height>
							<aligny>center</aligny>
							<font>font13</font>
							<label>$ADDON[script.extendedinfo 32119]$INFO[Container(1250).NumItems, (,)]</label>
						</control>
						<control type="panel" id="1250">
							<top>40</top>
							<left>-15</left>
							<right>151</right>
							<height>500</height>
							<onleft>1250</onleft>
							<onright>1250</onright>
							<onup>950</onup>
							<ondown>1350</ondown>
							<scrolltime tween="cubic" easing="out">500</scrolltime>
							<orientation>horizontal</orientation>
							<itemlayout height="445" width="322">
								<control type="group">
									<left>0</left>
									<top>20</top>
									<include>InfoWallMovieLayout</include>
								</control>
							</itemlayout>
							<focusedlayout height="445" width="322">
								<control type="group">
									<depth>DepthContentPopout</depth>
									<left>0</left>
									<top>20</top>
									<animation type="Focus" condition="!Skin.HasSetting(no_animations)" reversible="false">
            							<effect type="zoom" end="110" time="75" tween="sine" easing="out" center="auto" />
            							<effect type="zoom" end="91" time="225" tween="sine" delay="100" easing="out" center="auto" />
       					 			</animation>
									<include content="InfoWallMovieLayout">
										<param name="focused" value="true" />
									</include>
								</control>
							</focusedlayout>
						</control>
					</control>
					<control type="group">
						<height>460</height>
						<visible>Integer.IsGreater(Container(1350).NumItems,0)</visible>
						<control type="label">
							<left>25</left>
							<top>6</top>
							<right>25</right>
							<height>25</height>
							<aligny>center</aligny>
							<font>font13</font>
							<label>$LOCALIZE[20445]$INFO[Container(1350).NumItems, (,)]</label>
						</control>
						<control type="panel" id="1350">
							<top>40</top>
							<left>-15</left>
							<right>151</right>
							<height>500</height>
							<onleft>1350</onleft>
							<onright>1350</onright>
							<onup>1250</onup>
							<ondown>450</ondown>
							<scrolltime tween="cubic" easing="out">500</scrolltime>
							<orientation>horizontal</orientation>
							<itemlayout height="445" width="644">
								<control type="group">
									<left>0</left>
									<top>20</top>
									<control type="image">
										<left>15</left>
										<top>-10</top>
										<width>612</width>
										<height>362</height>
										<texture background="true" fallback="icons/extendedinfo/DefaultVideo.png">$INFO[ListItem.Thumb]</texture>
										<aspectratio>stretch</aspectratio>
										<bordertexture border="21">overlays/shadow.png</bordertexture>
										<bordersize>20</bordersize>
									</control>
								</control>
							</itemlayout>
							<focusedlayout height="445" width="644">
								<control type="group">
									<depth>DepthContentPopout</depth>
									<left>0</left>
									<top>20</top>
									<animation type="Focus" condition="!Skin.HasSetting(no_animations)" reversible="false">
            							<effect type="zoom" end="110" time="75" tween="sine" easing="out" center="auto" />
            							<effect type="zoom" end="91" time="225" tween="sine" delay="100" easing="out" center="auto" />
       					 			</animation>
									<control type="image">
										<left>9</left>
										<top>-15</top>
										<width>624</width>
										<height>373</height>
										<texture colordiffuse="$VAR[SkinColorVar]">colors/grey.png</texture>
										<bordertexture border="21">overlays/shadow.png</bordertexture>
										<bordersize>20</bordersize>
									</control>
									<control type="image">
										<left>9</left>
										<top>-15</top>
										<width>624</width>
										<height>373</height>
										<texture colordiffuse="$VAR[GradientColorVar]">colors/gradient.png</texture>
										<bordertexture border="21">overlays/shadow.png</bordertexture>
										<bordersize>20</bordersize>
										<visible>Skin.HasSetting(EnableGradientColor)</visible>
									</control>
									<control type="image">
										<left>15</left>
										<top>-10</top>
										<width>612</width>
										<height>362</height>
										<texture background="true" fallback="icons/extendedinfo/DefaultVideo.png">$INFO[ListItem.Thumb]</texture>
										<aspectratio>stretch</aspectratio>
										<bordersize>20</bordersize>
									</control>
								</control>
							</focusedlayout>
						</control>
					</control>
					<control type="group" id="50215">
						<height>500</height>
						<visible>Integer.IsGreater(Container(450).NumItems,0)</visible>
						<control type="label">
							<left>25</left>
							<top>6</top>
							<right>25</right>
							<height>25</height>
							<aligny>center</aligny>
							<font>font13</font>
							<label>$ADDON[script.extendedinfo 32026]$INFO[Container(450).NumItems, (,)]</label>
						</control>
						<control type="panel" id="450">
							<left>-15</left>
							<top>40</top>
							<right>151</right>
							<height>500</height>
							<onleft>450</onleft>
							<onright>450</onright>
							<onup>1350</onup>
							<ondown>2000</ondown>
							<scrolltime tween="cubic" easing="out">500</scrolltime>
							<orientation>horizontal</orientation>
							<itemlayout height="445" width="322">
								<control type="group">
									<left>0</left>
									<top>20</top>
									<include>InfoWallMovieLayout</include>
								</control>
							</itemlayout>
							<focusedlayout height="445" width="322">
								<control type="group">
									<depth>DepthContentPopout</depth>
									<left>0</left>
									<top>20</top>
									<animation type="Focus" condition="!Skin.HasSetting(no_animations)" reversible="false">
            							<effect type="zoom" end="110" time="75" tween="sine" easing="out" center="auto" />
            							<effect type="zoom" end="91" time="225" tween="sine" delay="100" easing="out" center="auto" />
       					 			</animation>
									<include content="InfoWallMovieLayout">
										<param name="focused" value="true" />
									</include>
								</control>
							</focusedlayout>
						</control>
					</control>
					<control type="group">
						<visible>Integer.IsGreater(Container(2000).NumItems,0)</visible>
						<height>450</height>
						<control type="label">
							<left>25</left>
							<top>6</top>
							<right>25</right>
							<height>25</height>
							<aligny>center</aligny>
							<font>font13</font>
							<label>$ADDON[script.extendedinfo 32025] $INFO[Container(2000).NumItems,(,)]</label>
						</control>
						<control type="panel" id="2000">
							<left>0</left>
							<top>40</top>
							<right>0</right>
							<height>400</height>
							<onleft>2000</onleft>
							<onright>2000</onright>
							<onup>450</onup>
							<ondown>20001</ondown>
							<pagecontrol>60</pagecontrol>
							<scrolltime tween="cubic" easing="out">500</scrolltime>
							<orientation>vertical</orientation>
							<preloaditems>2</preloaditems>
							<itemlayout width="316" height="400">
								<include content="InfoWallMusicLayout">
									<param name="sub_label" value="$INFO[ListItem.Episode,[B],[/B]]$INFO[ListItem.Label,[B]:[/B] ]" />
									<param name="main_label" value="$INFO[ListItem.Premiered]" />
									<param name="single_label" value="" />
									<param name="fallback_image" value="icons/extendedinfo/DefaultVideo.png" />
									<param name="focused" value="false" />
								</include>
							</itemlayout>
							<focusedlayout width="316" height="400">
								<control type="group">
									<depth>DepthContentPopout</depth>
									<animation type="Focus" condition="!Skin.HasSetting(no_animations)" reversible="false">
            							<effect type="zoom" end="110" time="75" tween="sine" easing="out" center="auto" />
            							<effect type="zoom" end="91" time="225" tween="sine" delay="100" easing="out" center="auto" />
       					 			</animation>
									<include content="InfoWallMusicLayout">
										<param name="sub_label" value="$INFO[ListItem.Episode,[B],[/B]]$INFO[ListItem.Label,[B]:[/B] ]" />
										<param name="main_label" value="$INFO[ListItem.Premiered]" />
										<param name="single_label" value="" />
										<param name="fallback_image" value="icons/extendedinfo/DefaultVideo.png" />
										<param name="focused" value="true" />
									</include>
								</control>
							</focusedlayout>
						</control>
					</control>
				</control>
				<!-- Movie info -->
				<control type="group" id="33000">
					<left>825</left>
					<top>22</top>
					<visible>!Control.HasFocus(132) + !ControlGroup(5000).HasFocus</visible>
					<animation effect="fade" time="250">VisibleChange</animation>
					<control type="image">
						<left>1020</left>
						<top>-10</top>
						<width>830</width>
						<height>160</height>
						<aspectratio align="right">keep</aspectratio>
						<texture background="true" fallback="icons/extendedinfo/moviedb2.png">$INFO[Window.Property(clearlogo)]</texture>
					</control>
				</control>
				<control type="group">
					<left>825</left>
					<top>68</top>
					<animation effect="fade" time="250">VisibleChange</animation>
					<control type="group">
						<control type="group">
							<visible>!String.IsEmpty(Window.Property(Top250))</visible>
							<top>-30</top>
							<control type="label">
								<left>-20</left>
								<top>-13</top>
								<width>120</width>
								<height>120</height>
								<label>$INFO[Window.Property(Top250)]</label>
								<textcolor>black</textcolor>
								<align>center</align>
								<font>font14</font>
							</control>
						</control>
						<control type="grouplist">
							<left>-5</left>
							<top>-60</top>
							<animation effect="slide" start="0,0" end="90,0" time="0" condition="!String.IsEmpty(Window.Property(Top250))">Conditional</animation>
							<width>1100</width>
							<height>200</height>
							<aligny>top</aligny>
							<itemgap>0</itemgap>
							<orientation>vertical</orientation>
							<control type="label">
								<width>1100</width>
								<height>50</height>
								<label>$INFO[Window.Property(season),,x]$INFO[Window.Property(episode),,: ]$INFO[Window.Property(Title)]</label>
								<font>font45_title</font>
								<scroll>true</scroll>
							</control>
						</control>
					</control>
					<!-- First Row -->
					<control type="group">
						<top>-64</top>
						<control type="image">
							<left>-5</left>
							<top>90</top>
							<width>1100</width>
							<height>1</height>
							<texture>dialogs/extendedinfo/infopanel_line.png</texture>
						</control>
						<control type="image">
							<left>-5</left>
							<top>170</top>
							<width>1100</width>
							<height>1</height>
							<texture>dialogs/extendedinfo/infopanel_line.png</texture>
						</control>
						<control type="grouplist">
							<left>-30</left>
							<top>91</top>
							<width>1200</width>
							<itemgap>5</itemgap>
							<orientation>horizontal</orientation>
							<usecontrolcoords>true</usecontrolcoords>
							<control type="image">
								<left>30</left>
								<top>5</top>
								<width>105</width>
								<height>69</height>
								<visible>!String.IsEqual(Window.Property(type),Season) + !String.IsEqual(Window.Property(type),episode)</visible>
								<aspectratio align="center" aligny="center">keep</aspectratio>
								<texture fallback="icons/extendedinfo/rating/rated.png">$VAR[MPAAIconVar]</texture>
							</control>
							<control type="group">
								<left>0</left>
								<width>155</width>
								<visible>!String.IsEqual(Window.Property(Rating),0.0) + !String.IsEmpty(Window.Property(Rating))</visible>
								<control type="image">
									<left>0</left>
									<height>79</height>
									<width>2</width>
									<texture>dialogs/extendedinfo/upright.png</texture>
									<visible>!String.IsEqual(Window.Property(type),Season) + !String.IsEqual(Window.Property(type),episode)</visible>
								</control>
								<control type="label">
									<left>0</left>
									<top>5</top>
									<width>155</width>
									<height>38</height>
									<align>center</align>
									<label fallback="?">[B]$INFO[Window.Property(Rating)][/B]</label>
									<font>font13</font>
								</control>
								<control type="label">
									<left>0</left>
									<top>37</top>
									<width>155</width>
									<height>38</height>
									<align>center</align>
									<aligny>center</aligny>
									<label fallback="563">$INFO[Window.Property(Votes),, $ADDON[script.extendedinfo 32082]]</label>
									<font>font10</font>
									<textcolor>$VAR[SkinColorVar]</textcolor>
								</control>
							</control>
							<control type="group">
								<left>0</left>
								<width>155</width>
								<visible>!String.IsEqual(Window.Property(duration),0) + !String.IsEmpty(Window.Property(duration))</visible>
								<control type="image">
									<left>0</left>
									<height>79</height>
									<width>2</width>
									<texture>dialogs/extendedinfo/upright.png</texture>
								</control>
								<control type="label">
									<left>0</left>
									<top>5</top>
									<width>155</width>
									<height>38</height>
									<align>center</align>
									<label>[B]$INFO[Window.Property(duration)][/B]</label>
									<font>font13</font>
								</control>
								<control type="label">
									<left>0</left>
									<top>37</top>
									<width>155</width>
									<height>38</height>
									<align>center</align>
									<aligny>center</aligny>
									<textcolor>$VAR[SkinColorVar]</textcolor>
									<label>$LOCALIZE[12391]</label>
									<font>font10</font>
								</control>
							</control>
							<control type="group">
								<width>220</width>
								<visible>!String.IsEmpty(Window.Property(Premiered))</visible>
								<control type="image">
									<left>0</left>
									<height>79</height>
									<width>2</width>
									<texture>dialogs/extendedinfo/upright.png</texture>
								</control>
								<control type="label">
									<left>0</left>
									<top>5</top>
									<width>220</width>
									<height>38</height>
									<align>center</align>
									<label fallback="?">[B]$INFO[Window.Property(Premiered)][/B]</label>
									<font>font13</font>
								</control>
								<control type="label">
									<left>0</left>
									<top>37</top>
									<width>220</width>
									<height>38</height>
									<align>center</align>
									<aligny>center</aligny>
									<label fallback="172">$INFO[Window.Property(Status)]</label>
									<font>font10</font>
									<textcolor>$VAR[SkinColorVar]</textcolor>
								</control>
							</control>
							<control type="group">
								<left>0</left>
								<width>220</width>
								<visible>!String.IsEmpty(Window.Property(Budget))</visible>
								<control type="image">
									<left>0</left>
									<height>79</height>
									<width>2</width>
									<texture>dialogs/extendedinfo/upright.png</texture>
								</control>
								<control type="label">
									<left>0</left>
									<top>5</top>
									<width>220</width>
									<height>38</height>
									<align>center</align>
									<label>[B]$INFO[Window.Property(Budget),$][/B]</label>
									<font>font13</font>
								</control>
								<control type="label">
									<left>0</left>
									<top>37</top>
									<width>220</width>
									<height>38</height>
									<align>center</align>
									<aligny>center</aligny>
									<textcolor>$VAR[SkinColorVar]</textcolor>
									<label>$ADDON[script.extendedinfo 32109]</label>
									<font>font10</font>
								</control>
							</control>
							<control type="group">
								<left>0</left>
								<width>220</width>
								<visible>!String.IsEmpty(Window.Property(Revenue))</visible>
								<control type="image">
									<left>0</left>
									<height>79</height>
									<width>2</width>
									<texture>dialogs/extendedinfo/upright.png</texture>
								</control>
								<control type="label">
									<left>0</left>
									<top>5</top>
									<width>220</width>
									<height>38</height>
									<align>center</align>
									<label fallback="?">[B]$INFO[Window.Property(Revenue),$][/B]</label>
									<font>font13</font>
								</control>
								<control type="label">
									<left>0</left>
									<top>37</top>
									<width>220</width>
									<height>38</height>
									<align>center</align>
									<aligny>center</aligny>
									<textcolor>$VAR[SkinColorVar]</textcolor>
									<label>$ADDON[script.extendedinfo 32108]</label>
									<font>font10</font>
								</control>
							</control>
							<control type="group">
								<left>0</left>
								<width>180</width>
								<visible>String.IsEqual(Window.Property(type),Season)</visible>
								<control type="image">
									<left>0</left>
									<height>79</height>
									<width>2</width>
									<texture>dialogs/extendedinfo/upright.png</texture>
								</control>
								<control type="label">
									<left>0</left>
									<top>5</top>
									<width>220</width>
									<height>38</height>
									<align>center</align>
									<label fallback="?">[B]$INFO[Container(2000).NumItems][/B]</label>
									<font>font13</font>
								</control>
								<control type="label">
									<left>0</left>
									<top>37</top>
									<width>220</width>
									<height>38</height>
									<align>center</align>
									<aligny>center</aligny>
									<textcolor>$VAR[SkinColorVar]</textcolor>
									<label>$LOCALIZE[20453]</label>
									<font>font10</font>
								</control>
							</control>
						</control>
					</control>
				</control>
			</control>
		</control>
		<control type="group">
			<animation effect="slide" start="-1500,0" end="0,0" delay="600" time="900" tween="sine">WindowOpen</animation>
			<animation effect="slide" end="-1500,0" time="900" tween="sine" condition="Control.HasFocus(132) | ControlGroup(5000).HasFocus">WindowClose</animation>
			<animation effect="slide" end="-749,0" time="450" tween="sine" easing="inout" condition="!Control.HasFocus(132) + !ControlGroup(5000).HasFocus">Conditional</animation>
			<control type="image">
				<width>729</width>
				<top>0</top>
				<bottom>0</bottom>
				<fadetime>300</fadetime>
				<aspectratio aligny="top">scale</aspectratio>
				<texture>$INFO[Window.Property(Poster)]</texture>
			</control>
			<control type="image">
				<top>0</top>
				<width>729</width>
				<top>0</top>
				<bottom>0</bottom>
				<fadetime>300</fadetime>
				<aspectratio aligny="center">keep</aspectratio>
				<visible>String.IsEqual(Window.Property(type),episode)</visible>
				<texture>$INFO[Window.Property(still_original)]</texture>
			</control>
		</control>
	</controls>
</window>