<?xml version="1.0" encoding="utf-8"?>
<window>
	<defaultcontrol></defaultcontrol>
	<controls>
		<control type="group" id="0">
			<control type="label" id="10">
				<left>45</left>
				<top>15</top>
				<width>1770</width>
				<height>100</height>
				<label/>
				<font>font12</font>
				<shadowcolor>black</shadowcolor>
			</control>
			<control type="label" id="11">
				<left>45</left>
				<top>45</top>
				<width>1770</width>
				<height>100</height>
				<label/>
				<font>font12</font>
				<shadowcolor>black</shadowcolor>
			</control>
			<control type="label" id="12">
				<left>45</left>
				<top>75</top>
				<width>1770</width>
				<height>100</height>
				<label/>
				<font>font12</font>
				<shadowcolor>black</shadowcolor>
			</control>
		</control>
		<control type="group" id="1">
			<depth>DepthOSD+</depth>
			<visible>Player.Caching</visible>
			<centerleft>50%</centerleft>
            <centertop>50%</centertop>
            <width>350</width>
            <height>70</height>
			<animation delay="300" effect="fade" time="200">Visible</animation>
			<animation effect="fade" delay="200" time="150">Hidden</animation>
			<control type="image" id="1">
                <centerleft>50%</centerleft>
                <centertop>50%</centertop>
                <width>350</width>
                <height>70</height>
                <texture>dialogs/back.png</texture>
            </control>
 			<control type="progress" id="1">
 			    <centerleft>50%</centerleft>
                <top>39</top>
                <width>320</width>
                <height>16</height>
                <info>Player.CacheLevel</info>
            </control>
            <control type="label" id="1">
 				<label>$INFO[Player.CacheLevel]%</label>
 				<centerleft>50%</centerleft>
 				<top>13</top>
 				<width>320</width>
 				<height>20</height>
 				<aligny>center</aligny>
 				<align>right</align>
 				<font>font10</font>
 			</control>        
 			<control type="label" id="2">
 				<label>$LOCALIZE[15107]</label>
 				<centerleft>50%</centerleft>
 				<top>13</top>
 				<width>320</width>
  				<height>20</height>
  				<aligny>center</aligny>
  				<align>left</align>
  				<font>font10</font>
  			</control>
		</control>
	</controls>
</window>
