<?xml version="1.0" encoding="UTF-8"?>
<window type="dialog" id="1120">
    <defaultcontrol always="true">5000</defaultcontrol>
    <include>Animation_DialogPopupOpenClose</include>
    <controls>
        <control type="group">
			<centerleft>50%</centerleft>
			<width>600</width>
			<centertop>50%</centertop>
			<height>510</height>
			<include content="DialogBackgroundCommons">
				<param name="width" value="600" />
				<param name="height" value="80" />
				<param name="header_label" value="$LOCALIZE[40001]" />
				<param name="header_id" value="" />
			</include>
			<control type="image">
				<left>0</left>
				<top>80</top>
				<width>600</width>
				<height>430</height>
				<texture colordiffuse="dialog_tint">colors/white.png</texture>
			</control>
            <control type="textbox">
                <left>10</left>
                <top>280</top>
                <width>580</width>
                <height>300</height>
                <textcolor>$VAR[SkinColorVar]</textcolor>
                <align>center</align>
                <aligny>center</aligny>
                <font>font12</font>
                <label>$LOCALIZE[40002]</label>
            </control>
            <control type="panel" id="5000">
				<include>ButtonMenuList</include>
				<content>
				<item>
                    <label>$LOCALIZE[3]</label>
                    <onclick>Dialog.Close(all)</onclick>
                    <onclick>ActivateWindow(Videos,Files,return)</onclick>
                </item>
                <item>
                    <label>$LOCALIZE[2]</label>
                    <onclick>Dialog.Close(all)</onclick>
                    <onclick>ActivateWindow(Music,Files,return)</onclick>
                </item>
                <item>
                    <label>$LOCALIZE[1]</label>
                    <onclick>Dialog.Close(all)</onclick>
                    <onclick>ActivateWindow(pictures,root)</onclick>
                </item>
                <item>
                    <label>$LOCALIZE[15016]</label>
                    <onclick>Dialog.Close(all)</onclick>
                    <onclick>ActivateWindow(games,root)</onclick>
                    <visible>System.GetBool(gamesgeneral.enable)</visible>
                </item>
				</content>
			</control>
        </control>
    </controls>
</window>