<?xml version="1.0" encoding="utf-8"?>
<window type="dialog" id="1122">
	<defaultcontrol always="true">1</defaultcontrol>
	<include>Animation_DialogPopupOpenClose</include>
	<controls>
		<control type="button">
			<description>background close area</description>
			<left>0</left>
			<top>0</top>
			<width>100%</width>
			<bottom>546</bottom>
			<texturefocus />
			<texturenofocus />
			<onclick>Action(close)</onclick>
		</control>
		<control type="group">
			<bottom>0</bottom>
			<height>550</height>
			<control type="image">
				<left>0</left>
				<width>100%</width>
				<height>410</height>
				<animation effect="fade" start="0" end="100" time="300">WindowOpen</animation>
				<animation effect="fade" start="100" end="0" time="300">WindowClose</animation>
				<texture colordiffuse="E6FFFFFF">dialogs/dialog-bg-nobo.png</texture>
			</control>
			<control type="textbox">
				<left>0</left>
				<top>1</top>
				<width>1920</width>
				<height>410</height>
				<align>center</align>
				<aligny>center</aligny>
				<font>font45_title</font>
				<label>$LOCALIZE[19055]</label>
				<visible>Integer.IsEqual(Container(11).NumItems,0)</visible>
			</control>
			<control type="grouplist" id="9001">
				<orientation>horizontal</orientation>
				<left>0</left>
				<top>-10</top>
				<width>100%</width>
				<align>center</align>
				<height>100</height>
				<onup>11</onup>
				<ondown>11</ondown>
				<include content="DefaultDialogButton">
					<param name="id" value="1" />
					<param name="label" value="$LOCALIZE[15067]" />
					<param name="width" value="350" />
					<param name="onclick" value="Action(close)" />
				</include>
			</control>
			<control type="wraplist" id="11">
				<left>0</left>
				<top>81</top>
				<width>100%</width>
				<height>350</height>
				<onup>9001</onup>
				<ondown>9001</ondown>
				<preloaditems>2</preloaditems>
				<orientation>horizontal</orientation>
				<focusposition>4</focusposition>
				<autoscroll time="3000">!Control.HasFocus(11)</autoscroll>
				<scrolltime easing="inout" tween="sine">300</scrolltime>
				<itemlayout height="300" width="210">
					<control type="group">
						<left>30</left>
						<control type="image">
							<left>0</left>
							<top>5</top>
							<width>180</width>
							<height>270</height>
							<aspectratio align="center" aligny="center">scale</aspectratio>
							<texture background="true" fallback="DefaultActorSolid.png">$INFO[ListItem.Icon]</texture>
							<bordertexture colordiffuse="border_alpha">colors/black.png</bordertexture>
							<bordersize>4</bordersize>
						</control>
					</control>
				</itemlayout>
				<focusedlayout height="300" width="210">
					<control type="group">
						<left>30</left>
						<control type="button">
							<texturefocus></texturefocus>
							<texturenofocus></texturenofocus>
							<onfocus>SetProperty(OSD_Cast_String,$INFO[ListItem.Label]$INFO[ListItem.Label2, $LOCALIZE[20347] ],home)</onfocus>
						</control>
						<control type="image">
							<left>0</left>
							<top>5</top>
							<width>180</width>
							<height>270</height>
							<aspectratio align="center" aligny="center">scale</aspectratio>
							<texture background="true" fallback="DefaultActorSolid.png">$INFO[ListItem.Icon]</texture>
							<bordertexture colordiffuse="border_alpha">colors/black.png</bordertexture>
							<bordersize>4</bordersize>
						</control>
						<control type="image">
							<left>0</left>
							<top>5</top>
							<width>180</width>
							<height>270</height>
							<texture border="8" colordiffuse="$VAR[SkinColorVar]">buttons/thumbnail_focused.png</texture>
							<visible>Control.HasFocus(11)</visible>
						</control>
					</control>
				</focusedlayout>
				<content target="video">$VAR[OSDCastVar]</content>
			</control>
			<control type="label">
				<left>0</left>
				<top>365</top>
				<width>100%</width>
				<align>center</align>
				<height>41</height>
				<font>font12</font>
				<scroll>true</scroll>
				<label>[B]$INFO[Container(11).ListItem.Label][COLOR white]$INFO[Container(11).ListItem.Label2, $LOCALIZE[20347] ][/COLOR][/B]</label>
				<textcolor>$VAR[SkinColorVar]</textcolor>
				<visible>Integer.IsGreater(Container(11).NumItems,0)</visible>
			</control>
		</control>
	</controls>
</window> 