<?xml version="1.0" encoding="UTF-8"?>
<includes>
	<include name="View_509_TripleLists">
		<control type="group">
			<include>OpenClose_Left</include>
			<visible>Control.IsVisible(509)</visible>
			<include>Visible_Left</include>
			<depth>DepthContentPanel</depth>
			<visible>Container.Content(artists) | Container.Content(albums) | Container.Content(tvshows)</visible>
			<include content="ContentPanel">
				<param name="width" value="36.4333333%" />
				<param name="flipx" value="false" />
				<param name="visible" value="!String.IsEqual(Skin.AspectRatio,21:9)" />
			</include>
			<include content="ContentPanel">
				<param name="width" value="35.6833333%" />
				<param name="flipx" value="false" />
				<param name="visible" value="String.IsEqual(Skin.AspectRatio,21:9)" />
			</include>
			<control type="fixedlist" id="509">
				<width>33.3333333%</width>
				<top>0</top>
				<bottom>0</bottom>
				<left>0</left>
				<scrolltime tween="cubic" easing="out">500</scrolltime>
				<orientation>vertical</orientation>
				<movement>2</movement>
				<focusposition>3</focusposition>
				<onleft condition="!Skin.HasSetting(KioskMode)">9000</onleft>
				<onright condition="Container.Content(artists) + Control.IsVisible(5091)">5091</onright>
				<onright condition="Container.Content(tvshows) + Control.IsVisible(5093)">5093</onright>
				<onup>509</onup>
				<ondown>509</ondown>
				<viewtype label="$LOCALIZE[40214]">list</viewtype>
				<visible>Container.Content(artists) | Container.Content(albums) | Container.Content(tvshows)</visible>
				<focusedlayout height="160" condition="Container.Content(artists) | Container.Content(albums) | Container.Content(tvshows)">
					<control type="group">
						<top>-50</top>
						<control type="image">
							<left>0</left>
							<right>0</right>
							<height>160</height>
							<texture colordiffuse="$VAR[SkinColorVar]">lists/focus.png</texture>
							<animation effect="fade" start="100" end="50" time="40" condition="Control.HasFocus(5091) | Control.HasFocus(5092) | Control.HasFocus(5093) | Control.HasFocus(5094)">Conditional</animation>
							<visible>Control.HasFocus(509) | Control.HasFocus(5091) | Control.HasFocus(5092) | Control.HasFocus(5093) | Control.HasFocus(5094)</visible>
						</control>
						<control type="image">
							<left>35</left>
							<top>20</top>
							<width>120</width>
							<height>120</height>
							<texture fallback="DefaultAudio.png">$INFO[ListItem.Thumb]</texture>
							<aspectratio align="left" aligny="center">stretch</aspectratio>
							<bordertexture>colors/white.png</bordertexture>
							<bordersize>1</bordersize>
							<visible>!ListItem.IsParentFolder</visible>
							<visible>!Container.Content(tvshows)</visible>
						</control>
						<control type="image">
							<left>35</left>
							<top>20</top>
							<width>120</width>
							<height>120</height>
							<texture>DefaultFolderBackSquare.png</texture>
							<aspectratio align="left" aligny="center">stretch</aspectratio>
							<bordertexture>colors/white.png</bordertexture>
							<bordersize>1</bordersize>
							<visible>ListItem.IsParentFolder</visible>
							<visible>!Container.Content(tvshows)</visible>
						</control>
						<control type="label">
							<left>190</left>
							<top>0</top>
							<height>160</height>
							<right>30</right>
							<aligny>center</aligny>
							<label>$INFO[ListItem.Label,[B],[/B]]</label>
							<shadowcolor>text_shadow</shadowcolor>
							<scroll>true</scroll>
							<visible>!Container.Content(tvshows)</visible>
						</control>
						<control type="image">
							<left>30</left>
							<top>20</top>
							<width>84</width>
							<height>120</height>
							<texture fallback="DefaultVideo.png">$INFO[ListItem.Thumb]</texture>
							<aspectratio align="left" aligny="center">stretch</aspectratio>
							<bordertexture>colors/white.png</bordertexture>
							<bordersize>1</bordersize>
							<visible>!ListItem.IsParentFolder</visible>
							<visible>Container.Content(tvshows)</visible>
						</control>
						<control type="image">
							<left>30</left>
							<top>20</top>
							<width>84</width>
							<height>120</height>
							<texture>DefaultFolderBackPoster.png</texture>
							<aspectratio align="left" aligny="center">stretch</aspectratio>
							<bordertexture>colors/white.png</bordertexture>
							<bordersize>1</bordersize>
							<visible>ListItem.IsParentFolder</visible>
							<visible>Container.Content(tvshows)</visible>
						</control>
						<control type="image">
							<left>145</left>
							<top>25</top>
							<width>32</width>
							<height>32</height>
							<texture>$VAR[ListWatchedIconVar]</texture>
							<visible>Container.Content(tvshows)</visible>
						</control>
						<control type="label">
							<left>185</left>
							<top>20</top>
							<height>40</height>
							<right>30</right>
							<aligny>center</aligny>
							<label>$INFO[ListItem.Label,[B],[/B]]</label>
							<shadowcolor>text_shadow</shadowcolor>
							<scroll>true</scroll>
							<visible>Container.Content(tvshows)</visible>
						</control>
						<control type="label">
							<left>150</left>
							<top>100</top>
							<height>40</height>
							<right>30</right>
							<aligny>center</aligny>
							<label>$VAR[SeasonNumberVar]$VAR[EpisodeNumberVar]</label>
							<shadowcolor>text_shadow</shadowcolor>
							<scroll>true</scroll>
							<visible>Container.Content(tvshows)</visible>
						</control>
						<control type="label">
							<left>150</left>
							<top>60</top>
							<height>40</height>
							<right>30</right>
							<aligny>center</aligny>
							<label>$INFO[ListItem.Year]</label>
							<font>font12</font>
							<shadowcolor>text_shadow</shadowcolor>
							<visible>Container.Content(tvshows)</visible>
						</control>
					</control>
				</focusedlayout>
				<itemlayout height="160" condition="Container.Content(artists) | Container.Content(albums) | Container.Content(tvshows)">
					<control type="group">
						<top>-50</top>
						<control type="image">
							<left>35</left>
							<top>20</top>
							<width>120</width>
							<height>120</height>
							<texture fallback="DefaultAudio.png">$INFO[ListItem.Thumb]</texture>
							<aspectratio align="left" aligny="center">stretch</aspectratio>
							<bordertexture>colors/white.png</bordertexture>
							<bordersize>1</bordersize>
							<visible>!ListItem.IsParentFolder</visible>
							<visible>!Container.Content(tvshows)</visible>
						</control>
						<control type="image">
							<left>35</left>
							<top>20</top>
							<width>120</width>
							<height>120</height>
							<texture>DefaultFolderBackSquare.png</texture>
							<aspectratio align="left" aligny="center">stretch</aspectratio>
							<bordertexture>colors/white.png</bordertexture>
							<bordersize>1</bordersize>
							<visible>ListItem.IsParentFolder</visible>
							<visible>!Container.Content(tvshows)</visible>
						</control>
						<control type="label">
							<left>190</left>
							<top>0</top>
							<height>160</height>
							<right>30</right>
							<aligny>center</aligny>
							<label>$INFO[ListItem.Label,[B],[/B]]</label>
							<shadowcolor>text_shadow</shadowcolor>
							<visible>!Container.Content(tvshows)</visible>
						</control>
						<control type="image">
							<left>30</left>
							<top>20</top>
							<width>84</width>
							<height>120</height>
							<texture fallback="DefaultVideo.png">$INFO[ListItem.Thumb]</texture>
							<aspectratio align="left" aligny="center">stretch</aspectratio>
							<bordertexture>colors/white.png</bordertexture>
							<bordersize>1</bordersize>
							<visible>!ListItem.IsParentFolder</visible>
							<visible>Container.Content(tvshows)</visible>
						</control>
						<control type="image">
							<left>30</left>
							<top>20</top>
							<width>84</width>
							<height>120</height>
							<texture>DefaultFolderBackPoster.png</texture>
							<aspectratio align="left" aligny="center">stretch</aspectratio>
							<bordertexture>colors/white.png</bordertexture>
							<bordersize>1</bordersize>
							<visible>ListItem.IsParentFolder</visible>
							<visible>Container.Content(tvshows)</visible>
						</control>
						<control type="image">
							<left>145</left>
							<top>25</top>
							<width>32</width>
							<height>32</height>
							<texture>$VAR[ListWatchedIconVar]</texture>
							<visible>Container.Content(tvshows)</visible>
						</control>
						<control type="image">
							<left>145</left>
							<top>25</top>
							<width>32</width>
							<height>32</height>
							<texture colordiffuse="grey">$VAR[ListWatchedIconVar]</texture>
							<visible>Container.Content(tvshows)</visible>
							<visible>Skin.HasSetting(greyedout_watched) + Integer.IsGreater(ListItem.Playcount,0)</visible>
						</control>
						<control type="label">
							<left>185</left>
							<top>20</top>
							<height>40</height>
							<right>30</right>
							<aligny>center</aligny>
							<label>$INFO[ListItem.Label,[B],[/B]]</label>
							<shadowcolor>text_shadow</shadowcolor>
							<visible>Container.Content(tvshows)</visible>
						</control>
						<control type="label">
							<left>185</left>
							<top>20</top>
							<height>40</height>
							<right>30</right>
							<aligny>center</aligny>
							<label>$INFO[ListItem.Label,[B],[/B]]</label>
							<textcolor>grey</textcolor>
							<shadowcolor>text_shadow</shadowcolor>
							<visible>Container.Content(tvshows)</visible>
							<visible>Skin.HasSetting(greyedout_watched) + Integer.IsGreater(ListItem.Playcount,0)</visible>
						</control>
						<control type="label">
							<left>150</left>
							<top>100</top>
							<height>40</height>
							<right>30</right>
							<aligny>center</aligny>
							<label>$VAR[SeasonNumberVar]$VAR[EpisodeNumberVar]</label>
							<textcolor>$VAR[SkinColorVar]</textcolor>
							<shadowcolor>text_shadow</shadowcolor>
							<visible>Container.Content(tvshows)</visible>
						</control>
						<control type="label">
							<left>150</left>
							<top>100</top>
							<height>40</height>
							<right>30</right>
							<aligny>center</aligny>
							<label>$VAR[SeasonNumberVar]$VAR[EpisodeNumberVar]</label>
							<textcolor>grey</textcolor>
							<shadowcolor>text_shadow</shadowcolor>
							<visible>Container.Content(tvshows)</visible>
							<visible>Skin.HasSetting(greyedout_watched) + Integer.IsGreater(ListItem.Playcount,0)</visible>
						</control>
						<control type="label">
							<left>150</left>
							<top>60</top>
							<height>40</height>
							<right>30</right>
							<aligny>center</aligny>
							<label>$INFO[ListItem.Year]</label>
							<font>font12</font>
							<textcolor>grey</textcolor>
							<shadowcolor>text_shadow</shadowcolor>
							<visible>Container.Content(tvshows)</visible>
						</control>
					</control>
				</itemlayout>
			</control>
		</control>
		<control type="group">
			<include>OpenClose_Right</include>
			<visible>Control.IsVisible(509)</visible>
			<include>Visible_Right</include>
			<visible>Container.Content(artists)</visible>
			<control type="fixedlist" id="5091">
				<width>33.3333333%</width>
				<top>0</top>
				<bottom>0</bottom>
				<left>33.3333333%</left>
				<scrolltime tween="cubic" easing="out">500</scrolltime>
				<orientation>vertical</orientation>
				<pagecontrol>531</pagecontrol>
				<movement>2</movement>
				<focusposition>3</focusposition>
				<onleft>509</onleft>
				<onright>5092</onright>
				<onup>5091</onup>
				<ondown>5091</ondown>
				<viewtype label="$LOCALIZE[40214]">list</viewtype>
				<visible>Container.Content(artists)</visible>
				<onclick>RunScript(script.playalbum,albumid=$INFO[ListItem.DBID])</onclick>
				<focusedlayout height="160" condition="Container.Content(artists)">
					<control type="group">
						<top>-50</top>
						<control type="image">
							<left>0</left>
							<right>0</right>
							<height>160</height>
							<texture colordiffuse="$VAR[SkinColorVar]">lists/focus.png</texture>
							<animation effect="fade" start="100" end="50" time="40" condition="Control.HasFocus(509) | Control.HasFocus(5092)">Conditional</animation>
							<visible>Control.HasFocus(509) | Control.HasFocus(5091) | Control.HasFocus(5092)</visible>
						</control>
						<control type="image">
							<left>35</left>
							<top>20</top>
							<width>120</width>
							<height>120</height>
							<texture fallback="DefaultAudio.png">$INFO[ListItem.Thumb]</texture>
							<aspectratio align="left" aligny="center">stretch</aspectratio>
							<bordertexture>colors/white.png</bordertexture>
							<bordersize>1</bordersize>
						</control>
						<control type="label">
							<left>190</left>
							<top>20</top>
							<height>40</height>
							<right>30</right>
							<aligny>center</aligny>
							<label>$INFO[ListItem.Label,[B],[/B]]</label>
							<shadowcolor>text_shadow</shadowcolor>
							<scroll>true</scroll>
						</control>
						<control type="label">
							<left>190</left>
							<top>100</top>
							<height>40</height>
							<right>30</right>
							<aligny>center</aligny>
							<label>$INFO[ListItem.AlbumArtist]</label>
							<shadowcolor>text_shadow</shadowcolor>
							<scroll>true</scroll>
						</control>
						<control type="label">
							<left>190</left>
							<top>60</top>
							<height>40</height>
							<right>30</right>
							<aligny>center</aligny>
							<label>$INFO[ListItem.Year]$INFO[ListItem.Property(Album_Style), / ,]</label>
							<font>font12</font>
							<shadowcolor>text_shadow</shadowcolor>
						</control>
					</control>
				</focusedlayout>
				<itemlayout height="160" condition="Container.Content(artists)">
					<control type="group">
						<top>-50</top>
						<control type="image">
							<left>35</left>
							<top>20</top>
							<width>120</width>
							<height>120</height>
							<texture fallback="DefaultAudio.png">$INFO[ListItem.Thumb]</texture>
							<aspectratio align="left" aligny="center">stretch</aspectratio>
							<bordertexture>colors/white.png</bordertexture>
							<bordersize>1</bordersize>
						</control>
						<control type="label">
							<left>190</left>
							<top>20</top>
							<height>40</height>
							<right>30</right>
							<aligny>center</aligny>
							<label>$INFO[ListItem.Label,[B],[/B]]</label>
							<shadowcolor>text_shadow</shadowcolor>
						</control>
						<control type="label">
							<left>190</left>
							<top>100</top>
							<height>40</height>
							<right>30</right>
							<aligny>center</aligny>
							<label>$INFO[ListItem.AlbumArtist]</label>
							<textcolor>$VAR[SkinColorVar]</textcolor>
							<shadowcolor>text_shadow</shadowcolor>
						</control>
						<control type="label">
							<left>190</left>
							<top>60</top>
							<height>40</height>
							<right>30</right>
							<aligny>center</aligny>
							<label>$INFO[ListItem.Year]$INFO[ListItem.Property(Album_Style), / ,]</label>
							<font>font12</font>
							<textcolor>grey</textcolor>
							<shadowcolor>text_shadow</shadowcolor>
						</control>
					</control>
				</itemlayout>
				<content target="music" sortby="year" sortorder="ascending">$INFO[Container(509).ListItem.FolderPath]</content>
			</control>
		</control>
		<control type="group">
			<include>OpenClose_Right</include>
			<visible>Control.IsVisible(509)</visible>
			<include>Visible_Right</include>
			<visible>Container.Content(tvshows)</visible>
			<control type="fixedlist" id="5093">
				<width>33.3333333%</width>
				<top>0</top>
				<bottom>0</bottom>
				<left>33.3333333%</left>
				<scrolltime tween="cubic" easing="out">500</scrolltime>
				<orientation>vertical</orientation>
				<pagecontrol>531</pagecontrol>
				<movement>2</movement>
				<focusposition>3</focusposition>
				<onleft>509</onleft>
				<onright>5094</onright>
				<onup>5093</onup>
				<ondown>5093</ondown>
				<viewtype label="$LOCALIZE[40214]">list</viewtype>
				<visible>Container.Content(tvshows)</visible>
				<focusedlayout height="160" condition="Container.Content(tvshows)">
					<control type="group">
						<top>-50</top>
						<control type="image">
							<left>0</left>
							<right>0</right>
							<height>160</height>
							<texture colordiffuse="$VAR[SkinColorVar]">lists/focus.png</texture>
							<animation effect="fade" start="100" end="50" time="40" condition="Control.HasFocus(509) | Control.HasFocus(5094)">Conditional</animation>
							<visible>Control.HasFocus(509) | Control.HasFocus(5093) | Control.HasFocus(5094)</visible>
						</control>
						<control type="image">
							<left>30</left>
							<top>20</top>
							<width>84</width>
							<height>120</height>
							<texture fallback="DefaultVideo.png">$INFO[ListItem.Thumb]</texture>
							<aspectratio align="left" aligny="center">stretch</aspectratio>
							<bordertexture>colors/white.png</bordertexture>
							<bordersize>1</bordersize>
							<visible>!ListItem.IsParentFolder</visible>
						</control>
						<control type="image">
							<left>145</left>
							<top>25</top>
							<width>32</width>
							<height>32</height>
							<texture>$VAR[ListWatchedIconVar]</texture>
						</control>
						<control type="label">
							<left>185</left>
							<top>20</top>
							<height>40</height>
							<right>30</right>
							<aligny>center</aligny>
							<label>$INFO[ListItem.Label,[B],[/B]]</label>
							<shadowcolor>text_shadow</shadowcolor>
							<scroll>true</scroll>
						</control>
						<control type="label">
							<left>150</left>
							<top>100</top>
							<height>40</height>
							<right>30</right>
							<aligny>center</aligny>
							<label>$VAR[EpisodeNumberViewVar]$INFO[ListItem.Property(UnWatchedEpisodes), ($LOCALIZE[31064] : ,)]</label>
							<shadowcolor>text_shadow</shadowcolor>
							<scroll>true</scroll>
						</control>
						<control type="label">
							<left>150</left>
							<top>60</top>
							<height>40</height>
							<right>30</right>
							<aligny>center</aligny>
							<label>$INFO[ListItem.Year]</label>
							<font>font12</font>
							<shadowcolor>text_shadow</shadowcolor>
						</control>
					</control>
				</focusedlayout>
				<itemlayout height="160" condition="Container.Content(tvshows)">
					<control type="group">
						<top>-50</top>
						<control type="image">
							<left>30</left>
							<top>20</top>
							<width>84</width>
							<height>120</height>
							<texture fallback="DefaultVideo.png">$INFO[ListItem.Thumb]</texture>
							<aspectratio align="left" aligny="center">stretch</aspectratio>
							<bordertexture>colors/white.png</bordertexture>
							<bordersize>1</bordersize>
							<visible>!ListItem.IsParentFolder</visible>
						</control>
						<control type="image">
							<left>145</left>
							<top>25</top>
							<width>32</width>
							<height>32</height>
							<texture>$VAR[ListWatchedIconVar]</texture>
						</control>
						<control type="image">
							<left>145</left>
							<top>25</top>
							<width>32</width>
							<height>32</height>
							<texture colordiffuse="grey">$VAR[ListWatchedIconVar]</texture>
							<visible>Skin.HasSetting(greyedout_watched) + Integer.IsGreater(ListItem.Playcount,0)</visible>
						</control>
						<control type="label">
							<left>185</left>
							<top>20</top>
							<height>40</height>
							<right>30</right>
							<aligny>center</aligny>
							<label>$INFO[ListItem.Label,[B],[/B]]</label>
							<shadowcolor>text_shadow</shadowcolor>
						</control>
						<control type="label">
							<left>185</left>
							<top>20</top>
							<height>40</height>
							<right>30</right>
							<aligny>center</aligny>
							<label>$INFO[ListItem.Label,[B],[/B]]</label>
							<textcolor>grey</textcolor>
							<shadowcolor>text_shadow</shadowcolor>
							<visible>Skin.HasSetting(greyedout_watched) + Integer.IsGreater(ListItem.Playcount,0)</visible>
						</control>
						<control type="label">
							<left>150</left>
							<top>100</top>
							<height>40</height>
							<right>30</right>
							<aligny>center</aligny>
							<label>$VAR[EpisodeNumberViewVar]$INFO[ListItem.Property(UnWatchedEpisodes), ($LOCALIZE[31064] : ,)]</label>
							<textcolor>$VAR[SkinColorVar]</textcolor>
							<shadowcolor>text_shadow</shadowcolor>
						</control>
						<control type="label">
							<left>150</left>
							<top>100</top>
							<height>40</height>
							<right>30</right>
							<aligny>center</aligny>
							<label>$VAR[EpisodeNumberViewVar]$INFO[ListItem.Property(UnWatchedEpisodes), ($LOCALIZE[31064] : ,)]</label>
							<textcolor>grey</textcolor>
							<shadowcolor>text_shadow</shadowcolor>
							<visible>Skin.HasSetting(greyedout_watched) + Integer.IsGreater(ListItem.Playcount,0)</visible>
						</control>
						<control type="label">
							<left>150</left>
							<top>60</top>
							<height>40</height>
							<right>30</right>
							<aligny>center</aligny>
							<label>$INFO[ListItem.Year]</label>
							<font>font12</font>
							<textcolor>grey</textcolor>
							<shadowcolor>text_shadow</shadowcolor>
						</control>
					</control>
				</itemlayout>
				<content target="video" sortby="year" sortorder="ascending">$INFO[Container(509).ListItem.FolderPath]</content>
			</control>
		</control>
		<control type="group">
			<include>OpenClose_Right</include>
			<visible>Control.IsVisible(509)</visible>
			<include>Visible_Right</include>
			<depth>DepthContentPanel</depth>
			<visible>Container.Content(artists) | Container.Content(albums)</visible>
			<include content="ContentPanel">
				<param name="width" value="36.4333333%" />
				<param name="flipx" value="true" />
				<param name="left" value="1260" />
				<param name="visible" value="!String.IsEqual(Skin.AspectRatio,21:9)" />
			</include>
			<include content="ContentPanel">
				<param name="width" value="35.6833333%" />
				<param name="flipx" value="true" />
				<param name="left" value="1686.66667" />
				<param name="visible" value="String.IsEqual(Skin.AspectRatio,21:9)" />
			</include>
			<control type="fixedlist" id="5092">
				<width>33.3333333%</width>
				<right>0</right>
				<top>0</top>
				<bottom>0</bottom>
				<onleft>5091</onleft>
				<onright>531</onright>
				<onup>5092</onup>
				<ondown>5092</ondown>
				<scrolltime tween="cubic" easing="out">500</scrolltime>
				<orientation>vertical</orientation>
				<movement>5</movement>
				<focusposition>6</focusposition>
				<viewtype label="$LOCALIZE[40214]">list</viewtype>
				<visible>Container.Content(artists) | Container.Content(albums)</visible>
				<focusedlayout height="80" condition="Container.Content(artists) | Container.Content(albums)">
					<control type="group">
						<top>30</top>
						<control type="image">
							<left>0</left>
							<right>0</right>
							<height>80</height>
							<texture colordiffuse="$VAR[SkinColorVar]">lists/focus.png</texture>
							<animation effect="fade" start="100" end="50" time="40" condition="Control.HasFocus(509) | Control.HasFocus(5091)">Conditional</animation>
							<visible>Control.HasFocus(509) | Control.HasFocus(5091) | Control.HasFocus(5092)</visible>
						</control>
						<control type="label">
							<left>35</left>
							<height>80</height>
							<right>80</right>
							<aligny>center</aligny>
							<scroll>true</scroll>
							<label>$INFO[ListItem.TrackNumber,[B],[/B] - ]$INFO[ListItem.Label]</label>
							<shadowcolor>text_shadow</shadowcolor>
						</control>
						<control type="label">
							<left>40</left>
							<height>80</height>
							<right>30</right>
							<align>right</align>
							<aligny>center</aligny>
							<label>$INFO[ListItem.Duration]</label>
							<shadowcolor>text_shadow</shadowcolor>
						</control>
					</control>
				</focusedlayout>
				<itemlayout height="80" condition="Container.Content(artists) | Container.Content(albums)">
					<control type="group">
						<top>30</top>
						<control type="label">
							<left>35</left>
							<height>80</height>
							<right>80</right>
							<aligny>center</aligny>
							<label>$INFO[ListItem.TrackNumber,[B],[/B] - ]$INFO[ListItem.Label]</label>
							<shadowcolor>text_shadow</shadowcolor>
						</control>
						<control type="label">
							<left>40</left>
							<height>80</height>
							<right>30</right>
							<align>right</align>
							<aligny>center</aligny>
							<label>$INFO[ListItem.Duration]</label>
							<textcolor>grey</textcolor>
							<shadowcolor>text_shadow</shadowcolor>
						</control>
					</control>
				</itemlayout>
				<content target="music" sortby="track" sortorder="ascending">$INFO[Container(5091).ListItem.FolderPath]</content>
			</control>
		</control>
		<control type="group">
			<include>OpenClose_Right</include>
			<visible>Control.IsVisible(509)</visible>
			<include>Visible_Right</include>
			<depth>DepthContentPanel</depth>
			<visible>Container.Content(tvshows)</visible>
			<include content="ContentPanel">
				<param name="width" value="36.4333333%" />
				<param name="flipx" value="true" />
				<param name="left" value="1260" />
				<param name="visible" value="!String.IsEqual(Skin.AspectRatio,21:9)" />
			</include>
			<include content="ContentPanel">
				<param name="width" value="35.6833333%" />
				<param name="flipx" value="true" />
				<param name="left" value="1686.66667" />
				<param name="visible" value="String.IsEqual(Skin.AspectRatio,21:9)" />
			</include>
			<control type="fixedlist" id="5094">
				<width>33.3333333%</width>
				<top>0</top>
				<bottom>0</bottom>
				<right>0</right>
				<scrolltime tween="cubic" easing="out">500</scrolltime>
				<orientation>vertical</orientation>
				<movement>2</movement>
				<focusposition>3</focusposition>
				<onleft>5093</onleft>
				<onright>531</onright>
				<onup>5094</onup>
				<ondown>5094</ondown>
				<viewtype label="$LOCALIZE[40214]">list</viewtype>
				<visible>Container.Content(tvshows)</visible>
				<focusedlayout height="160" condition="Container.Content(tvshows)">
					<control type="group">
						<top>-50</top>
						<control type="image">
							<left>0</left>
							<right>0</right>
							<height>160</height>
							<texture colordiffuse="$VAR[SkinColorVar]">lists/focus.png</texture>
							<animation effect="fade" start="100" end="50" time="40" condition="Control.HasFocus(509) | Control.HasFocus(5093)">Conditional</animation>
							<visible>Control.HasFocus(509) | Control.HasFocus(5093) | Control.HasFocus(5094)</visible>
						</control>
						<control type="image">
							<left>30</left>
							<top>20</top>
							<width>120</width>
							<height>120</height>
							<texture fallback="DefaultVideoFanart.png">$VAR[InfoWallThumbVar]</texture>
							<aspectratio align="left" aligny="center">keep</aspectratio>
							<bordertexture>colors/white.png</bordertexture>
							<bordersize>1</bordersize>
						</control>
						<control type="image">
							<left>175</left>
							<top>25</top>
							<width>32</width>
							<height>32</height>
							<texture>$VAR[ListWatchedIconVar]</texture>
						</control>
						<control type="label">
							<left>215</left>
							<top>20</top>
							<height>40</height>
							<right>30</right>
							<aligny>center</aligny>
							<label>$INFO[ListItem.Label,[B],[/B]]</label>
							<shadowcolor>text_shadow</shadowcolor>
							<scroll>true</scroll>
						</control>
						<control type="label">
							<left>180</left>
							<top>100</top>
							<height>40</height>
							<right>30</right>
							<aligny>center</aligny>
							<label>$INFO[ListItem.TVShowTitle]</label>
							<shadowcolor>text_shadow</shadowcolor>
							<scroll>true</scroll>
						</control>
						<control type="label">
							<left>180</left>
							<top>60</top>
							<height>40</height>
							<right>30</right>
							<aligny>center</aligny>
							<label>$INFO[ListItem.Premiered]</label>
							<font>font12</font>
							<shadowcolor>text_shadow</shadowcolor>
						</control>
					</control>
				</focusedlayout>
				<itemlayout height="160" condition="Container.Content(tvshows)">
					<control type="group">
						<top>-50</top>
						<control type="image">
							<left>30</left>
							<top>20</top>
							<width>120</width>
							<height>120</height>
							<texture fallback="DefaultVideoFanart.png">$VAR[InfoWallThumbVar]</texture>
							<aspectratio align="left" aligny="center">keep</aspectratio>
							<bordertexture>colors/white.png</bordertexture>
							<bordersize>1</bordersize>
						</control>
						<control type="image">
							<left>175</left>
							<top>25</top>
							<width>32</width>
							<height>32</height>
							<texture>$VAR[ListWatchedIconVar]</texture>
						</control>
						<control type="image">
							<left>175</left>
							<top>25</top>
							<width>32</width>
							<height>32</height>
							<texture colordiffuse="grey">$VAR[ListWatchedIconVar]</texture>
							<visible>Skin.HasSetting(greyedout_watched) + Integer.IsGreater(ListItem.Playcount,0)</visible>
						</control>
						<control type="label">
							<left>215</left>
							<top>20</top>
							<height>40</height>
							<right>30</right>
							<aligny>center</aligny>
							<label>$INFO[ListItem.Label,[B],[/B]]</label>
							<shadowcolor>text_shadow</shadowcolor>
						</control>
						<control type="label">
							<left>215</left>
							<top>20</top>
							<height>40</height>
							<right>30</right>
							<aligny>center</aligny>
							<label>$INFO[ListItem.Label,[B],[/B]]</label>
							<textcolor>grey</textcolor>
							<shadowcolor>text_shadow</shadowcolor>
							<visible>Skin.HasSetting(greyedout_watched) + Integer.IsGreater(ListItem.Playcount,0)</visible>
						</control>
						<control type="label">
							<left>180</left>
							<top>100</top>
							<height>40</height>
							<right>30</right>
							<aligny>center</aligny>
							<label>$INFO[ListItem.TVShowTitle]</label>
							<textcolor>$VAR[SkinColorVar]</textcolor>
							<shadowcolor>text_shadow</shadowcolor>
						</control>
						<control type="label">
							<left>180</left>
							<top>100</top>
							<height>40</height>
							<right>30</right>
							<aligny>center</aligny>
							<label>$INFO[ListItem.TVShowTitle]</label>
							<textcolor>grey</textcolor>
							<shadowcolor>text_shadow</shadowcolor>
							<visible>Skin.HasSetting(greyedout_watched) + Integer.IsGreater(ListItem.Playcount,0)</visible>
						</control>
						<control type="label">
							<left>180</left>
							<top>60</top>
							<height>40</height>
							<right>30</right>
							<aligny>center</aligny>
							<label>$INFO[ListItem.Premiered]</label>
							<font>font12</font>
							<textcolor>grey</textcolor>
							<shadowcolor>text_shadow</shadowcolor>
						</control>
					</control>
				</itemlayout>
				<content target="video" sortby="year" sortorder="ascending">$INFO[Container(5093).ListItem.FolderPath]</content>
			</control>
		</control>
	</include>
</includes>