<?xml version="1.0" encoding="UTF-8"?>
<addon id="skin.estuary.modv2" version="3.0.4" name="Estuary MOD V2 (KODI 18)" provider-name="Guilouz">
	<requires>
		<import addon="xbmc.gui" version="5.14.0"/>
		<import addon="script.skinshortcuts" version="0.6.5"/>
		<import addon="script.skin.helper.service" version="1.0.0"/>
        <import addon="script.skin.helper.widgets" version="1.0.0"/>
        <import addon="script.image.resource.select" version="1.0.0"/>
	</requires>
	<extension point="xbmc.gui.skin" debugging="false">
		<res width="1920" height="1440" aspect="4:3" default="false" folder="xml" />
		<res width="1920" height="1280" aspect="3:2" default="false" folder="xml" />
		<res width="1920" height="1200" aspect="16:10" default="false" folder="xml" />
		<res width="2040" height="1080" aspect="17:9" default="false" folder="xml" />
		<res width="1920" height="1080" aspect="16:9" default="true" folder="xml" />
		<res width="2338" height="1080" aspect="19.5:9" default="false" folder="xml" />
 		<res width="2160" height="1080" aspect="18:9" default="false" folder="xml" />
		<res width="2560" height="1080" aspect="21:9" default="false" folder="xml" />
	</extension>
	<extension point="xbmc.service" library="scripts/viewswitcher.py" visible="!String.IsEmpty(Window(home).Property(CurrentSkin)) + Skin.HasSetting(ForcedViews.Enabled)" />
	<extension point="kodi.context.item">
      	<menu id="kodi.core.main">
      		<item library="scripts/context_menu_jumptoletter.py">
 				<label>$LOCALIZE[40165]</label>
 				<visible>!String.IsEmpty(Window(home).Property(CurrentSkin)) + [String.IsEqual(ListItem.dbtype,movie) | String.IsEqual(ListItem.dbtype,set) | String.IsEqual(ListItem.dbtype,tvshow) | String.IsEqual(ListItem.dbtype,artist) | String.IsEqual(ListItem.dbtype,album) | String.IsEqual(ListItem.dbtype,musicvideo) | Container.Content(addons)] + !Window.IsVisible(Home)</visible>
 			</item>
      		<item library="scripts/context_menu_moviessets.py">
 				<label>$LOCALIZE[40181]</label>
 				<visible>!String.IsEmpty(Window(home).Property(CurrentSkin)) + String.IsEqual(ListItem.DBType,set) + !Window.IsVisible(Home)</visible>
 			</item>
      		<item library="scripts/context_menu_extendedinfo.py">
        		<label>$LOCALIZE[40182]</label>
        		<visible>!String.IsEmpty(Window(home).Property(CurrentSkin)) + System.HasAddon(script.extendedinfo) + !System.HasAddon(context.extendedinfo.dialog) + [String.IsEqual(ListItem.dbtype,movie) | String.IsEqual(ListItem.dbtype,tvshow) | String.IsEqual(ListItem.dbtype,season) | String.IsEqual(ListItem.dbtype,actor) | String.IsEqual(ListItem.dbtype,director)]</visible>
      		</item>
    	</menu>
 	</extension>
	<extension point="xbmc.addon.metadata">
		<summary lang="en_GB">Estuary MOD V2 skin by Guilouz</summary>
		<summary lang="fr_FR">Thème Estuary MOD V2 par Guilouz</summary>
		<description lang="en_GB">Estuary MOD V2 is a mod from Estuary by Guilouz for Kodi 18. It attempts to be easy for first time Kodi users to understand and use.</description>
		<description lang="fr_FR">Estuary MOD V2 est un mod de Estuary par Guilouz pour Kodi 18. Il est facile à comprendre et à utiliser pour les utilisateurs novices de Kodi.</description>
		<disclaimer lang="en_GB">For better experience, be sure to install all addons required by the theme.</disclaimer>
		<disclaimer lang="fr_FR">Pour une meilleure expérience, assurez-vous d'installer toutes les extensions requises par le thème.</disclaimer>
		<platform>all</platform>
		<license>CC BY-SA 4.0, GNU GENERAL PUBLIC LICENSE Version 2.0</license>
		<source>https://github.com/Guilouz/skin.estuary.modv2</source>
			<assets>
				<icon>resources/icon.png</icon>
				<fanart>resources/fanart.jpg</fanart>
				<screenshot>resources/screenshot-01.jpg</screenshot>
				<screenshot>resources/screenshot-02.jpg</screenshot>
				<screenshot>resources/screenshot-03.jpg</screenshot>
				<screenshot>resources/screenshot-04.jpg</screenshot>
				<screenshot>resources/screenshot-05.jpg</screenshot>
				<screenshot>resources/screenshot-06.jpg</screenshot>
				<screenshot>resources/screenshot-07.jpg</screenshot>
				<screenshot>resources/screenshot-08.jpg</screenshot>
				<screenshot>resources/screenshot-09.jpg</screenshot>
				<screenshot>resources/screenshot-10.jpg</screenshot>
				<screenshot>resources/screenshot-11.jpg</screenshot>
			</assets>
			<news>[B]3.0.4[/B][CR]• KODI 18 : Bump target GUI API to 5.14.0[CR]• KODI 18 : Add GUI for Radio Data System (RDS)[CR]• Add support for 'Next Up' addon by im85288[CR]• Add 8K flag icon[CR]• Add Rip audio-cd from 'Disc' on home menu[CR]• Add Hebrew and Armenian typefaces to the fonts[CR]• Video OSD and Music OSD enhancements/fixes[CR]• Minor fixes[CR][CR][B]3.0.3[/B][CR]• KODI 18 : Video OSD - Hide 'Previous' button for non-seekable streams[CR]• KODI 18 : Game - Add controller description[CR]• KODI 18 : Game - Add 'Get all' button to controller dialog[CR]• KODI 18 : Game OSD - Show help dialog on first view[CR]• KODI 18 : Game OSD - Finish renaming 'View mode' to 'Stretch mode'[CR]• KODI 18 : Game OSD - Extend help dialog to explain lack of remote support[CR]• Add 'HDTV', 'VHS' and 'HDDVD' flag icons[CR]• Fix condition for focus on the stop button[CR]• Minor fixes[CR][CR][B]3.0.2[/B][CR]KODI 18 : • Add 'sorty by' and 'sort order' for epg grid channels[CR]• Add 'mp3float' flag icon[CR]• Fix TV Shows ratings in some views[CR]• Minor fixes[CR][CR][B]3.0.1[/B][CR]• Add support for CoreELEC settings addon[CR]• Add DefaultMusicSources icon[CR]• Game : Update available views[CR]• Game OSD : Rename 'View mode' setting label to 'Stretch mode'[CR]• Game OSD : Rename 'Input settings' setting label to 'Controls'[CR]• Fix lists on dialog video info[CR]• Fix some textures[CR]• Fix keyboard navigation[CR]• Minor fixes[CR][CR][B]3.0.0[/B][CR]• KODI 18 : Add 'Advanced settings' button to settings list for Game OSD[CR]• KODI 18 : Add video rotation setting for Game OSD[CR]• Add new video info dialog (Thanks to jurialmunkey and VikkiXavier)[CR]• Add new music info dialog[CR]• Add new extended info dialog[CR]• Add new text viewer window[CR]• Add setting to disable fullscreen video info for movies and TV shows[CR]• Remove music themes feature which caused crashes[CR]• Minor fixes[CR][CR][B]2.9.9[/B][CR]• KODI 18 : Allow user to select resolutions[CR]• Add video fps flag icon on OSD[CR]• Changes in playing trailers on video info (Thanks to jurialmunkey)[CR]• Fix music themes with video addons[CR]• Minor fixes[CR][CR][B]2.9.8[/B][CR]• KODI 18 : Audio DSP removal[CR]• Add support for music themes for movies and TV shows (theme.mp3 files) (Thanks to manfeed)[CR]• Minor fixes[CR][CR][B]2.9.7[/B][CR]• KODI 18 : Add PVR Timeshift Offset[CR]• KODI 18 : Add Epg Event Seek Time[CR]• KODI 18 : Introduced control 402 for epg event seek percentage[CR]• Enable 'Wall (thumbnails)' and 'InfoWall (thumbnails)' views for artists[CR]• Improvements[CR]• Fix forced views (thanks to hawkeyexp)[CR]• Minor fixes[CR][CR][B]2.9.6[/B][CR]• KODI 18 : Use subtitle setting osd instead of custom dialog[CR]• Add possibility to disable default splash screen[CR]• Improvements[CR]• Minor fixes[CR][CR][B]2.9.5[/B][CR]• KODI 18 : RetroPlayer: Disable reset hotkey[CR]• Add default splash screen[CR]• Add new Icon and Fanart[CR]• Add icon for font addons[CR]• Add original title on video info[CR]• Remove possibility to edit power menu to avoid some crash[CR]• Improvement[CR][CR][B]2.9.4[/B][CR]• Add scope mode for constant image height (CIH) setup (OSD only)[CR]• Add new fullscreen info for movies and episodes[CR]• Add possibility to show ratings and user ratings in same time[CR]• Add tags on dialog info[CR]• Improve support for GlobalSearch 8.x.x addon[CR]• Improve PVR channels OSD[CR]• Others improvements[CR]• Minor fixes[CR][CR][B]2.9.3[/B][CR]• Add support GlobalSearch 8.x.x addon[CR]• Add support for music artworks with Artwork Beef addon[CR]• Add movies set button on video info dialog[CR]• Add progress bar to PVR widgets[CR]• Add support for 'KN Switchtimer Service' addon on PVR info dialog[CR]• Improve 'Icons Wall' view for PVR channels[CR]• Improve dialog info windows[CR]• Add possibility to show channels groups on PVR Guide[CR]• Many others improvements in PVR[CR]• Fix forced views with a script from hawkeyexp[CR]• Fix PVR NextUp popup[CR]• Minor fixes[CR][CR][B]2.9.2[/B][CR]• Fix for movies sets overview[CR]• Minor fixes (Thanks to Angelinas)[CR][CR][B]2.9.1[/B][CR]• Add new 'Icons Wall' view for PVR channels[CR]• Add Valentine's Day and Easter themes[CR]• Add possibility to change video lyrics colors[CR]• Minor fixes[CR][CR][B]2.9.0[/B][CR]• KODI 18 : Move recording control and info functionality from player to PVR[CR]• KODI 18 : Add button to bring up program selection dialog[CR]• Add support for more aspect ratios (used by newer phones)[CR]• Add Christmas (1 december to 2 january) and Halloween (30-31 october) themes[CR]• Add extended info when playing music[CR]• Minor fixes[CR][CR][B]2.8.9[/B][CR]• Add support for music clearart on music OSD[CR]• Improvements[CR]• Fix font issue[CR]• Minor fixes[CR][CR][B]2.8.8[/B][CR]• Improve PVR info dialog[CR]• Add new 'Christmas' pattern[CR]• Fix libraries fanarts when music is played[CR]• Fix movies sets logos on 'Shift View'[CR]• Improvements[CR]• Minor fixes[CR][CR][B]2.8.7[/B][CR]• Remove protection against banned addons aka Caretaker[CR]• Replace 'Artwork Downloader' support by 'Artwork Beef' (several advantages)[CR]• Enable 'Fanart' view for music videos[CR]• Fix PVR Group Manager channellist scrollbar position[CR]• Fix video in background when opacity is set to 100%[CR]• Minor fixes[CR][CR][B]2.8.6[/B][CR]• Add warning popup to just alert people and possible to disable it[CR]• Remove unload skin for protection against banned addons[CR][CR][B]2.8.5[/B][CR]• Fix close warning popup[CR][CR][B]2.8.4[/B][CR]• Add protection against banned addons (Thanks to sualfred)[CR]• Add (rating) star symbols to fontset (Thanks to Jeroen)[CR]• Improvements[CR]• Fix logon/logoff on power menu[CR]• Minor fixes[CR][CR][B]2.8.3[/B][CR]• Remove 'doNotShareMenu' argument[CR][CR][B]2.8.2[/B][CR]• Add games addons widget to games tab[CR]• Add Genres on list and wide list views[CR]• New Favourites window[CR]• Fix Favourites widget[CR]• Improvements[CR]• Minor fixes[CR][CR][B]2.8.1[/B][CR]• KODI 18 : Add filter description to video filter dialog[CR]• Minor fixes[CR][CR][B]2.8.0[/B][CR]• KODI 18 : Add Volume setting to Game OSD[CR]• Improvements[CR]• Minor fixes[CR][CR][B]2.7.10[/B][CR]• KODI 18 : RetroPlayer: Add renderer for Windows, OpenGL and OpenGLES[CR]• Add possibility to use small video OSD[CR]• Improvements[CR]• Minor fixes[CR][CR][B]2.7.9[/B][CR]• Add possibility to show visualisation effects behind background[CR]• Improvements[CR]• Fix missing 'Jump to letter' functionality for some views[CR]• Fix pause video during access to extended info with TV Shows[CR]• Fix on PVR Radio[CR]• Minor fixes[CR][CR][B]2.7.8[/B][CR]• Add possibility to disable Clearlogo on OSD[CR]• OSD info improvements[CR]• Fix Video Lyrics[CR]• Minor fixes[CR][CR][B]2.7.7[/B][CR]• Add 'Jump to letter' functionality to context menu[CR]• Video OSD improvements[CR]• Music OSD improvements[CR]• PVR OSD improvements[CR]• Fix for PVR info[CR]• Minor fixes[CR][CR][B]2.7.6[/B][CR]• KODI 18 : Implement FullscreenGame window[CR]• Replace genres widget by new one based on genres content (thanks to sualfred for his idea)[CR]• Add new genres widgets list/panel for Personal widgets[CR]• Add new 'Most played music videos' default widget[CR]• Add possibility to show media names with widgets names[CR]• Add new functionality 'Jump to letter' when scrollbar is focused (thanks to jurialmunkey for his idea)[CR]• Improvements[CR]• Minor fixes[CR][CR][B]2.7.5[/B][CR]• KODI 18 : Add support for epg tag playback[CR]• KODI 18 : New OSD dialog for video games settings[CR]• Add possibility to automatically show music video info at beginning and end of playing (Thanks to jurialmunkey)[CR]• Add possibility to replace background when fanarts are disabled[CR]• Improve PVR OSD info[CR]• Improve video OSD info[CR]• Improve 'TV Show - Next Aired' addon[CR]• Enable more views for video addons[CR]• Improvements[CR]• Minor fixes[CR][CR][B]2.7.4[/B][CR]• Add possibility to choose when video info must be shown on video OSD[CR]• Add support for Artworks on OSD video info for addons[CR]• Add 'Recommended Youtube videos' button on OSD for Youtube addon (Thanks to jurialmunkey)[CR]• Add support for video countries icons pack[CR]• Add 'Get all Artworks' button to context menu[CR]• Improve music visualisation[CR]• Minor fix[CR][CR][B]2.7.3[/B][CR]• Video info are now displayed when video is paused with possibility to disable it[CR]• Improve OSD info[CR]• Add fallback icons for mediaflags[CR]• Add animated poster on video info dialog[CR]• Minor changes and improvements[CR]• Fix issue with scripts for others skins[CR]• Minor fixes[CR][CR][B]2.7.2[/B][CR]• Add Top 250 from IMDb on dialog video info[CR]• Add button to download all Artworks on dialog video info[CR]• Add toggle button on PVR Guide to enable standard colors for genres[CR]• Add setting to pause video during access to extended info[CR]• Add possibility to configure media flags[CR]• Change appearance of 'TV Show - Next Aired' addon[CR]• Fix fanarts when 'Show video on background' is disable[CR]• Minor changes[CR]• Minor fixes[CR][CR][B]2.7.1[/B][CR]• Add possibility to change media flags color[CR]• Add possibility to show a border for media and choose his color[CR]• Improve dialog video info[CR]• Fix movies sets info with 'Banner' view[CR]• Fix media flags for sets with 'Banner' view[CR]• Improvements[CR]• Minor fixes[CR][CR][B]2.7.0[/B][CR]• Add number of oscars on video info (thanks to jurialmunkey)[CR]• Add possibility to hide fanart opacity in fullscreen mode on music visualisation[CR]• Improve navigation with better animations[CR]• Improve some views[CR]• Improvements[CR]• Minor fixes[CR][CR][B]2.6.2[/B][CR]• Add support for Skin Helper Service PVR Artworks[CR]• Enable 'Fanart' view for episodes[CR]• Enable 'Banner' view for movies[CR]• Improve 'Banner' view [CR]• Update thumbs previews for views[CR]• Fix duplicate ratings in list views[CR]• Improvements[CR]• Minor fixes[CR[CR][B]2.6.1[/B][CR]• Changes for Kodi 18[CR]• Add possibility to hide OSD when video is paused[CR]• Add 4K HDR flag icon (filename must contain 'HDR')[CR]• Add shortcut in skin settings to configure personal API key[CR]• Add scrolling text on music visualisation (thanks to jurialmunkey)[CR]• Improvements[CR]• Minor fixes[CR][CR][B]2.6.0[/B][CR]• Add possibility to choose gradient colors (thanks to jurialmunkey for idea)[CR]• Add classic list for power menu[CR]• Add Game OSD[CR]• Improvements[CR]• Minor fixes[CR][CR][B]2.5.10[/B][CR]• Add support for movies genres icons for Personalized Widgets[CR]• Add missing H262 flag icon[CR]• Improvements[CR]• Fix for PVR in some conditions[CR]• Minor fixes[CR][CR][B]2.5.9[/B][CR]• Add possibility to play trailers on movie information screen[CR]• Reorder necessary addons in Skin Settings[CR]• Minor fixes[CR][CR][B]2.5.8[/B][CR]• Add possibility to show item label on top with minimize main menu setting[CR]• Show mute icon on libraries when mute is enable[CR]• Fix clearlogos disappearance when mute is enable[CR]• Fix for LibreELEC settings addon[CR]• Minor fixes[CR][CR][B]2.5.7[/B][CR]• Add possibility to minimize main menu[CR]• Add media flags icons for 'Triple lists' and 'Double lists' views[CR]• Remove always attrib for defaultcontrol on Settings[CR]• Changes on login screen[CR]• Minor fixes[CR][CR][B]2.5.6[/B][CR]• Add new 'Triple lists' view for TV shows[CR]• Add new 'Double lists' view for seasons[CR]• Changes for Kodi 18 : Migrate add-on settings to settings library[CR]• Minor fixes[CR][CR][B]2.5.5[/B][CR]• Add possibility to show clearlogos at the top of home menu[CR]• Add clearlogos on dialog music info[CR]• Add banners on dialog video info[CR]• Fix episodes thumbs with Personalized Widgets[CR]• Fix on 'Double lists' and 'Triple lists' views to launch full album[CR]• Minor fixes[CR][CR][B]2.5.4[/B][CR]• Add posters on 'Fanart' view[CR]• Add new 'Double lists' view for sets[CR]• Fix end time resume flag icon with AM/PM[CR]• Fix visibility for 'Double lists' and 'Triple lists' views[CR]• Minor fixes[CR][CR][B]2.5.3[/B][CR]• Add new 'Double lists' view for artists and albums[CR]• Add new 'Triple lists' view for artists[CR]• Improve esthetic appearance[CR]• Minor fixes[CR][CR][B]2.5.2[/B][CR]• Add miniatures panel for Personalized Widgets[CR]• Add support for animated weather icons[CR]• Fix missing watched icons and progress bars for Personalized Widgets[CR]• Minor fixes[CR][CR][B]2.5.1[/B][CR]• Fix aspect ratio for widgets[CR]• Minor fixes[CR]• Update German translation[CR][CR][B]2.5.0[/B][CR]/!\ Reboot Kodi and 'Reset main menu and power menu settings' in skin settings after installation of this version /!\[CR]• Add vertical panels for Personalized Widgets[CR]• Add 'Categories' appearance for Personalized Widgets[CR]• Add support for albums back thumbs (file must be placed in album folder and named 'thumbback.jpg')[CR]• Add possibility to change rating text color[CR]• Fix issue with Appearance for Personalized Widgets[CR]• Minor fixes[CR][CR][B]2.4.0[/B][CR][B]/!\ Reboot Kodi and 'Reset main menu and power menu settings' in skin settings after installation of this version /!\[/B][CR]• Add support for Skin Shortcuts template to avoid personalized widgets reloading[CR]• Add possibility to define sort method and sort direction for personalized widgets[CR]• Add rating on video osd info[CR]• Minor changes[CR]• Minor fixes[CR][CR][B]2.3.2[/B][CR]• Add VP9 video codec icon[CR]• Add rewind and forward OSD buttons for PVR TimeShift[CR]• Fix on PVR/Radio widgets[CR]• Fix duration flag icon with Global Search[CR]• Many fixes for Arial font[CR]• Minor changes[CR]• Minor fixes[CR][CR][B]2.3.1[/B][CR]• Add Next Up popup for Live TV[CR]• Add albums count on artists dialog info[CR]• Add possibility to disable 'Settings' shortcut widget[CR]• Add PVR overlay when switching channels[CR]• Fix artists/albums plots on music dialog info[CR]• Fix on PVR[CR]• Fix caterories labels for personalized widgets[CR][CR][B]2.3.0[/B][CR]• Add parental control to protect home menu items and widgets with password[CR]• Add support for German language (Thanks to rainman74)[CR]• Fix CDArts position on Global Search screen[CR]• Fix esthetic appearance[CR]• Minor fixes[CR]• Minor changes[CR][CR][B]2.2.9[/B][CR]• Add support for extendedinfo youtube list[CR]• Add shortcut for movies set info to context menu[CR]• Add shortcut for extended info to context menu[CR]• Fix lyrics on music visualisation[CR]• Fix aspect ratio on tv shows widgets[CR]• Fix channel osd recording indicator visibility[CR]• Fix esthetic appearance[CR]• Minor fixes[CR]• Minor changes[CR][CR][B]2.2.8[/B][CR]• Add info dialog for movies sets[CR]• Fix playlists editor[CR]• Minor fixes[CR][CR][B]2.2.7[/B][CR]• Changes for Kodi 18[CR]• Add possibility to disable colored outline for CDArts[CR]• Add possibility to disable animated lyrics for classic lyrics[CR]• Fix disc overlay for some CDArts[CR]• Fix extended info window for some resolutions[CR]• Fix playlists editor[CR]• Minor fixes[CR][CR][B]2.2.6[/B][CR]• Change extension file '.png' to '.jpg' for games artworks[CR]• Minor fixes[CR][CR][B]2.2.5[/B][CR]• Add games sources widget[CR]• Add support for games artworks (artworks must be named identical to the file name of the game with the extension '.png' and must be in the same folder as games)[CR]• Fix personalized widget 5[CR]• Fix plots and thumbs on info dialog to avoid spoilers[CR]• Fix widgets property[CR]• Changes on widgets when libraries are not populated[CR][CR][B]2.2.4[/B][CR]• Add possibility to show CDArt on widgets and on library[CR]• Add possibility to install addons zip files directly from home submenu[CR]• Minor fixes[CR][CR][B]2.2.3[/B][CR]• Add possibility to use alphabet for scrolling on library (experimental)[CR]• Add more personalized widgets to bypass problem with disappearance and animations of widgets (use one personalized widget per home menu item)[CR]• Changes on duration flag icon with hours and minutes[CR]• Changes on PVR Guide with Kodi 18 last build[CR]• Minor fixes[CR][CR][B]2.2.2[/B][CR]• Add possibility to greyed out watched items in library and on widgets[CR]• Add support for Videolyrics v3 with possibility to fix lyrics colors by song (thanks to manfeed)[CR]• Add support for Kodi Log Uploader addon[CR]• Fix LibreELEC settings buttons[CR]• Minor fixes[CR][CR][B]2.2.1[/B][CR]• Changes for Kodi 18[CR]• Add 'All channels' and 'All radios' widgets[CR]• Fix PVR channels OSD[CR]• Fix esthetic appearance[CR][CR][B]2.2.0[/B][CR]• Add possibility to force views in library[CR]• Add possibility to customize power menu[CR]• Add flags for moviesets widget[CR]• Fix missing view for music[CR]• Fix esthetic appearance[CR]• Fix context menu position[CR]• Minor fixes[CR][CR][B]2.1.9[/B][CR]• Changes for Kodi 18[CR]• Add preview for view mode[CR]• Minor fixes[CR][B]2.1.8[/B][CR]• Add new 'Mosaic (vertical)' view[CR][CR][B]2.1.7[/B][CR]• Changes for Kodi 18[CR]• Fix setting to disable submenu[CR]• Minor fixes[CR][CR][B]2.1.6[/B][CR]• Add new 'Gallery' view[CR]• Add new 'Mosaic' view[CR]• Add clearlogos list for 'Shift' view[CR]• Minor fixes[CR][CR][B]2.1.5[/B][CR]• Add library info on settings widget[CR]• Add ratings/user ratings in list views[CR]• Changes on 'Next episode to watch' widget[CR]• Minor fixes[CR][CR][B]2.1.4[/B][CR]• Add possibility to configure submenus for Personnal Widget[CR]• Add possibility to show banners for episodes/thumbs widgets[CR]• Decrease number of personal widgets to 8 because not possible to show more[CR]• Fix context menu for CU LRC Lyrics addon[CR]• Fix disable Clearlogos on library[CR]• Minor fixes[CR][CR][B]2.1.3[/B][CR]• Fix centered posters on some views[CR]• Fix missing posters flag for moviesets with Wall (Thumbnails) view[CR]• Minnor fixes[CR][CR][B]2.1.2[/B][CR]• Fix adding item with Skin Shortcut[CR][CR][B]2.1.1[/B][CR]• Add support for submenus with Skin Shortcuts addon[CR]• Minnor fixes[CR][CR][B]2.1.0[/B][CR]• Add support for Skin Shortcuts addon to customize home menu and widgets[CR]• Add support for thumbnails with NextUp Service addon[CR]• Add support for Videolyrics v2 (thanks to manfeed)[CR]• Minnor fixes[CR]• Special Thanks to Gracus and ferent for reporting issue[CR][CR][B]2.0.6[/B][CR]• Add two views for power menu[CR]• Add possibility to hide thumbs episodes to avoid spoilers[CR]• Fix banner on music visualisation when next tracks are not available[CR]• Fix missing clearlogos with moviesets widget[CR]• Fix in musicvideo views[CR]• Fix label with moviesets thumbnails[CR]• Enable landscape views for seasons[CR]• Drop support for using hyphen as none value[CR]• Minnor fixes[CR][CR][B]2.0.5[/B][CR]• Add info button on video OSD[CR]• Add language and subtitles language on fullscreen info[CR]• Add button to switch between all/watched/unwatched recordings[CR]• Replace rating badge[CR]• Fix Youtube call[CR]• Minnor fixes[CR][CR][B]2.0.4[/B][CR]• Add new 'InfoWall (thumbnails)' view[CR]• Add new 'Wall (thumbnails)' view[CR]• Add extrafanarts support for 'Fanart' view[CR]• Add icon when item is resumable[CR]• Hide OSD directly after pause[CR]• Fix esthetic appearance[CR]• Minnor fixes[CR][CR][B]2.0.3[/B][CR]• Add Videolyrics (credits to manfeed)[CR]• Add new 'Next episodes to see' widget[CR]• Replace music videos widgets[CR]• Fix color with lyrics[CR]• Fix banner on music fullscreen[CR]• Fix music visualisation[CR]• Fix esthetic appearance[CR][CR][B]2.0.2[/B][CR]• Fix selecting widgets[CR][CR][B]2.0.1[/B][CR]• Add possibility to reorder main menu items[CR]• Add possibility to reset main menu items back to default[CR]• Add possibility to show smaller icons for 'Categories' widgets[CR]• Add studios flag icons for movies widgets[CR]• Add shortcuts on power menu to update video/music library[CR]• Fix colordiffuse for studios and labels flag icons[CR]• Minnor fixes[CR][CR][B]2.0.0[/B][CR]• Initial release[CR]• Add possibility to hide main menu when selecting widgets[CR]• Add possibility to disable each widget[CR]• Add possibility to hide watched items from recently added widgets[CR]• Add possibility to hide episodes plots to avoid spoilers[CR]• Add possibility to change skin color[CR]• Add possibility to change background color[CR]• Add possibility to change pattern color[CR]• Add possibility to change background opacity[CR]• Add possibility to top and bottom bars opacity[CR]• Add possibility to change weather icons pack[CR]• Add possibility to change studios icons pack[CR]• Add possibility to change genres icons pack[CR]• Add possibility to set splash screen (photo, video or music)[CR]• Add possibility to set number of items to display on widgets[CR]• Add possibility to backup/restore skin settings[CR]• Add possibility to disable zoom effect[CR]• Add possibility to enable/disable music visualisation effects on background[CR]• Add possibility to enable/disable video on background[CR]• Add possibility to hide notification popup during playback[CR]• Add possibility to show music visualisation screen when playing song[CR]• Add possibility to ExtraFanarts on music visualisation screen[CR]• Add possibility to animate Fanart/ExtraFanarts on music visualisation screen[CR]• Add possibility to add music visualisation effects on music visualisation screen[CR]• Add possibility to disable Kodi screensaver on music visualisation screen[CR]• Add possibility to start Artwork Downloader at startup[CR]• Add next tracks on music visualisation screen[CR]• Add actors list on video OSD[CR]• Add more buttons on OSD[CR]• Add more flag icons[CR]• Add next airing episodes widget for tv shows[CR]• Add horizontal view for PVR Guide[CR]• Add support for records labels icons pack[CR]• Add support for ExtraFanarts[CR]• Add support for animated posters[CR]• Add support for Clearlogos[CR]• Add support for CDArts[CR]• Add support for Artwork Downloader addon[CR]• Add support for NextUp Notification addon[CR]• Add support for CU LRC Lyrics addon[CR]• Add support for RSS Editor addon[CR]• Add support for Global Search addon[CR]• Add support for TV Show Next Aired addon[CR]• Add support for Extended Info addon[CR]• Add support for LibreELEC settings addon[CR]• Add support for Kiosk mode[CR]• Changes on views[CR]• Changes on volume bar[CR]• Some fixes[CR][CR]</news>
	</extension>
</addon>
