<window type="dialog" id="1143">
    <onload>Stop</onload>
    <onload condition="String.IsEmpty(Window(home).Property(PlayingOST)) + !String.Contains(ListItem.Path,http) + !String.StartsWith(ListItem.Path,plugin://plugin.video)">PlayMedia($ESCINFO[ListItem.Path,,theme.mp3])</onload>
    <onload>SetProperty(OST,$INFO[ListItem.Path],home)</onload>
    <onload>SetProperty(PlayingOST,True.Path],home)</onload>
    <visible>System.IdleTime(2) + [!String.IsEqual(ListItem.Path,Window(home).Property(OST)) | !Player.Playing]</visible>
    <visible>!ListItem.IsCollection + !String.Contains(ListItem.Path,thumb:) + !String.Contains(ListItem.Path,image:)</visible>
    <visible>Container.Content(movies) | [Container.Content(tvshows) + !Player.Playing] | [Container.Content(seasons) + !Player.Playing]</visible>
    <visible>!Window.IsActive(movieinformation)</visible>
    <visible>Window.IsActive(videos)</visible>
    <visible>!Skin.HasSetting(MusicTheme)</visible>
    <controls>
    </controls>
</window>