<?xml version="1.0" encoding="UTF-8"?>
<includes>
	<include name="InfoWallPictureLayout">
		<param name="focused">false</param>
		<definition>
			<control type="image">
				<top>-10</top>
				<width>376</width>
				<height>380</height>
				<texture>dialogs/dialog-bg-nobo.png</texture>
				<bordertexture border="21">overlays/shadow.png</bordertexture>
				<bordersize>20</bordersize>
			</control>
			<control type="image">
				<top>-14</top>
				<left>-4</left>
				<width>384</width>
				<height>388</height>
				<texture colordiffuse="$VAR[SkinColorVar]">colors/grey.png</texture>
				<bordertexture border="21">overlays/shadow.png</bordertexture>
				<bordersize>20</bordersize>
				<visible>$PARAM[focused]</visible>
				<include condition="$PARAM[focused]">Animation_FocusTextureFade</include>
			</control>
			<control type="image">
				<top>-14</top>
				<left>-4</left>
				<width>384</width>
				<height>388</height>
				<texture colordiffuse="$VAR[GradientColorVar]">colors/gradient.png</texture>
				<bordertexture border="21">overlays/shadow.png</bordertexture>
				<bordersize>20</bordersize>
				<visible>$PARAM[focused]</visible>
				<include condition="$PARAM[focused]">Animation_FocusTextureFade</include>
				<visible>Skin.HasSetting(EnableGradientColor)</visible>
			</control>
			<control type="image">
				<left>20</left>
				<top>10</top>
				<width>336</width>
				<height>300</height>
				<texture border="2" background="true">$VAR[InfoWallThumbVar]</texture>
				<aspectratio>keep</aspectratio>
			</control>
			<control type="label">
				<left>20</left>
				<top>318</top>
				<width>338</width>
				<textoffsetx>20</textoffsetx>
				<height>20</height>
				<align>center</align>
				<aligny>center</aligny>
				<font>font12</font>
				<label>$INFO[ListItem.Label]</label>
				<scroll>$PARAM[focused]</scroll>
			</control>
		</definition>
	</include>
	<include name="InfoWallMusicLayout">
		<param name="fallback_image">DefaultAudio.png</param>
		<param name="main_label">$INFO[ListItem.Artist]</param>
		<param name="sub_label">$INFO[ListItem.Title]</param>
		<param name="single_label">$INFO[ListItem.TVShowTitle,, - ]$INFO[ListItem.Label]</param>
		<param name="focused">false</param>
		<definition>
			<control type="image">
				<top>0</top>
				<width>316</width>
				<height>386</height>
				<texture>dialogs/dialog-bg-nobo.png</texture>
				<bordertexture border="21">overlays/shadow.png</bordertexture>
				<bordersize>20</bordersize>
			</control>
			<control type="image">
				<top>-4</top>
				<left>-4</left>
				<width>324</width>
				<height>394</height>
				<texture colordiffuse="$VAR[SkinColorVar]">colors/grey.png</texture>
				<bordertexture border="21">overlays/shadow.png</bordertexture>
				<bordersize>20</bordersize>
				<visible>$PARAM[focused]</visible>
				<include condition="$PARAM[focused]">Animation_FocusTextureFade</include>
			</control>
			<control type="image">
				<top>-4</top>
				<left>-4</left>
				<width>324</width>
				<height>394</height>
				<texture colordiffuse="$VAR[GradientColorVar]">colors/gradient.png</texture>
				<bordertexture border="21">overlays/shadow.png</bordertexture>
				<bordersize>20</bordersize>
				<visible>$PARAM[focused]</visible>
				<include condition="$PARAM[focused]">Animation_FocusTextureFade</include>
				<visible>Skin.HasSetting(EnableGradientColor)</visible>
			</control>
			<control type="image">
				<left>0</left>
				<top>0</top>
				<width>316</width>
				<height>316</height>
				<texture fallback="$PARAM[fallback_image]" background="true">$VAR[InfoWallThumbVar]</texture>
				<aspectratio>keep</aspectratio>
				<bordersize>20</bordersize>
				<visible>![String.IsEqual(listitem.dbtype,genre) + [String.IsEqual(Container(9000).ListItem.Property(widget),PersonalWidgetList) | String.IsEqual(Container(9000).ListItem.Property(widget),PersonalWidgetPanel) | Window.IsVisible(DialogContextMenu.xml) | Window.IsVisible(Custom_1107_SearchDialog.xml) | Window.IsVisible(DialogButtonMenu.xml) | Window.IsVisible(DialogBusy.xml) | Window.IsVisible(DialogVideoInfo.xml) | Window.IsVisible(DialogMusicInfo.xml)]]</visible>
			</control>
			<control type="image">
				<left>40</left>
				<top>50</top>
				<width>236</width>
				<height>236</height>
				<texture fallback="DefaultGenre.png">$VAR[WidgetGenreIconVar]</texture>
				<aspectratio align="center" aligny="center">keep</aspectratio>
				<visible>String.IsEqual(listitem.dbtype,genre) + [String.IsEqual(Container(9000).ListItem.Property(widget),PersonalWidgetList) | String.IsEqual(Container(9000).ListItem.Property(widget),PersonalWidgetPanel) | Window.IsVisible(DialogContextMenu.xml) | Window.IsVisible(Custom_1107_SearchDialog.xml) | Window.IsVisible(DialogButtonMenu.xml) | Window.IsVisible(DialogBusy.xml) | Window.IsVisible(DialogVideoInfo.xml) | Window.IsVisible(DialogMusicInfo.xml)]</visible>
			</control>
			<control type="textbox">
				<left>28</left>
				<top>296</top>
				<width>262</width>
				<height>68</height>
				<font>font12</font>
				<align>center</align>
				<aligny>center</aligny>
				<label>$PARAM[single_label]</label>
				<autoscroll delay="1000" time="1000" repeat="1000">$PARAM[focused]</autoscroll>
				<visible>!String.IsEqual(ListItem.DBType,album) + !String.IsEqual(ListItem.DBType,song) + !String.IsEqual(ListItem.DBType,musicvideo)</visible>
			</control>
			<control type="group">
				<visible>String.IsEqual(ListItem.DBType,album) | String.IsEqual(ListItem.DBType,song) | String.IsEqual(ListItem.DBType,musicvideo) | Window.IsVisible(script-script.extendedinfo-DialogVideoInfo.xml) | Window.IsVisible(script-script.extendedinfo-DialogInfo.xml)</visible>
				<control type="label">
					<left>29</left>
					<top>300</top>
					<width>260</width>
					<label>$PARAM[sub_label]</label>
					<font>font10</font>
					<shadowcolor>text_shadow</shadowcolor>
					<scroll>$PARAM[focused]</scroll>
					<align>center</align>
				</control>
				<control type="label">
					<left>29</left>
					<top>328</top>
					<width>260</width>
					<label>$PARAM[main_label]</label>
					<font>font12</font>
					<shadowcolor>text_shadow</shadowcolor>
					<scroll>$PARAM[focused]</scroll>
					<align>center</align>
				</control>
			</control>
			<control type="image">
				<left>25</left>
				<top>265</top>
				<width>32</width>
				<height>32</height>
				<texture>$VAR[WallWatchedIconVar]</texture>
				<visible>String.IsEqual(Container(9000).ListItem.Property(widget),PersonalWidgetList) | String.IsEqual(Container(9000).ListItem.Property(widget),PersonalWidgetPanel)</visible>
				<visible>![String.IsEqual(listitem.dbtype,genre) + [String.IsEqual(Container(9000).ListItem.Property(widget),PersonalWidgetList) | String.IsEqual(Container(9000).ListItem.Property(widget),PersonalWidgetPanel) | Window.IsVisible(DialogContextMenu.xml) | Window.IsVisible(Custom_1107_SearchDialog.xml) | Window.IsVisible(DialogButtonMenu.xml) | Window.IsVisible(DialogBusy.xml) | Window.IsVisible(DialogVideoInfo.xml) | Window.IsVisible(DialogMusicInfo.xml)]]</visible>
			</control>
			<control type="image">
				<top>20</top>
				<left>20</left>
				<width>276</width>
				<height>346</height>
				<texture background="true" colordiffuse="BFFFFFFF">colors/black.png</texture>
				<visible>!$PARAM[focused]</visible>
				<visible>Skin.HasSetting(greyedout_watched) + Integer.IsGreater(ListItem.Playcount,0) + !Window.IsVisible(Home) + String.IsEqual(ListItem.DBType,musicvideo)</visible>
			</control>
			<control type="image">
				<top>20</top>
				<left>20</left>
				<width>276</width>
				<height>346</height>
				<texture background="true" colordiffuse="BFFFFFFF">colors/black.png</texture>
				<visible>!$PARAM[focused]</visible>
				<visible>Skin.HasSetting(greyedout_watched_home) + Integer.IsGreater(ListItem.Playcount,0) + Window.IsVisible(Home) + String.IsEqual(ListItem.DBType,musicvideo)</visible>
			</control>
			<control type="image">
				<top>20</top>
				<left>20</left>
				<width>276</width>
				<height>346</height>
				<texture background="true" colordiffuse="BFFFFFFF">colors/black.png</texture>
				<visible>!$PARAM[focused]</visible>
				<visible>Skin.HasSetting(greyedout_watched_home) + Integer.IsGreater(ListItem.Playcount,0) + Window.IsVisible(Home) + [String.IsEqual(Container(9000).ListItem.Property(widget),PersonalWidgetPanel) | String.IsEqual(Container(9000).ListItem.Property(widget),PersonalWidgetList)]</visible>
			</control>
			<control type="image">
				<left>20</left>
				<top>375</top>
				<width>276</width>
				<height>4</height>
				<texture>dialogs/back.png</texture>
				<visible>!Integer.IsEqual(ListItem.PercentPlayed,0) + [String.IsEqual(Container(9000).ListItem.Property(widget),PersonalWidgetList) | String.IsEqual(Container(9000).ListItem.Property(widget),PersonalWidgetPanel)]</visible>
			</control>
			<control type="progress">
				<left>20</left>
				<top>347</top>
				<width>276</width>
				<height>1</height>
				<texturebg></texturebg>
				<midtexture colordiffuse="$VAR[SkinColorVar]" border="3">progress/texturebg_alt_white.png</midtexture>
				<info>ListItem.PercentPlayed</info>
				<visible>!Integer.IsEqual(ListItem.PercentPlayed,0) + [String.IsEqual(Container(9000).ListItem.Property(widget),PersonalWidgetList) | String.IsEqual(Container(9000).ListItem.Property(widget),PersonalWidgetPanel)]</visible>
			</control>
			<control type="group">
				<left>133</left>
				<top>1</top>
				<include condition="Skin.HasSetting(circle_rating) | Skin.HasSetting(circle_userrating)">RatingCircle</include>
			</control>
			<control type="group">
				<left>133</left>
				<top>1</top>
				<visible>!$PARAM[focused]</visible>
				<visible>Skin.HasSetting(greyedout_watched) + Integer.IsGreater(ListItem.Playcount,0) + !Window.IsVisible(Home) + String.IsEqual(ListItem.DBType,musicvideo)</visible>
				<include condition="Skin.HasSetting(circle_rating) | Skin.HasSetting(circle_userrating)">RatingCircleGreyed</include>
			</control>
			<control type="group">
				<left>133</left>
				<top>1</top>
				<visible>!$PARAM[focused]</visible>
				<visible>Skin.HasSetting(greyedout_watched_home) + Integer.IsGreater(ListItem.Playcount,0) + Window.IsVisible(Home) + String.IsEqual(ListItem.DBType,musicvideo)</visible>
				<include condition="Skin.HasSetting(circle_rating) | Skin.HasSetting(circle_userrating)">RatingCircleGreyed</include>
			</control>
			<control type="group">
				<left>133</left>
				<top>1</top>
				<visible>!$PARAM[focused]</visible>
				<visible>Skin.HasSetting(greyedout_watched_home) + Integer.IsGreater(ListItem.Playcount,0) + Window.IsVisible(Home) + [String.IsEqual(Container(9000).ListItem.Property(widget),PersonalWidgetPanel) | String.IsEqual(Container(9000).ListItem.Property(widget),PersonalWidgetList)]</visible>
				<include condition="Skin.HasSetting(circle_rating) | Skin.HasSetting(circle_userrating)">RatingCircleGreyed</include>
			</control>
		</definition>
	</include>
	<include name="InfoWallEpisodeLayout">
		<param name="main_label">$INFO[ListItem.Title]</param>
		<param name="sub_label">$INFO[ListItem.TVShowTitle]</param>
		<param name="thumb_label">$INFO[ListItem.Season,,x]$INFO[ListItem.Episode]</param>
		<param name="fallback_image">DefaultVideoFanart.png</param>
		<param name="focused">false</param>
		<param name="label">$INFO[ListItem.Label]</param>
		<definition>
			<control type="image">
				<top>10</top>
				<width>316</width>
				<height>277</height>
				<texture>dialogs/dialog-bg-nobo.png</texture>
				<bordertexture border="21">overlays/shadow.png</bordertexture>
				<bordersize>20</bordersize>
			</control>
			<control type="image">
				<top>6</top>
				<left>-4</left>
				<width>324</width>
				<height>282</height>
				<texture colordiffuse="$VAR[SkinColorVar]">colors/grey.png</texture>
				<bordertexture border="21">overlays/shadow.png</bordertexture>
				<bordersize>20</bordersize>
				<visible>$PARAM[focused]</visible>
				<include condition="$PARAM[focused]">Animation_FocusTextureFade</include>
			</control>
			<control type="image">
				<top>6</top>
				<left>-4</left>
				<width>324</width>
				<height>282</height>
				<texture colordiffuse="$VAR[GradientColorVar]">colors/gradient.png</texture>
				<bordertexture border="21">overlays/shadow.png</bordertexture>
				<bordersize>20</bordersize>
				<visible>$PARAM[focused]</visible>
				<include condition="$PARAM[focused]">Animation_FocusTextureFade</include>
				<visible>Skin.HasSetting(EnableGradientColor)</visible>
			</control>
			<control type="image">
				<left>20</left>
				<top>30</top>
				<width>276</width>
				<height>156</height>
				<texture fallback="$PARAM[fallback_image]" background="true">$VAR[InfoWallThumbVar]</texture>
				<aspectratio aligny="top">keep</aspectratio>
			</control>
			<control type="image">
				<left>136</left>
				<top>116</top>
				<width>160</width>
				<height>70</height>
				<texture flipx="true">overlays/overlay-bg.png</texture>
				<visible>![String.IsEqual(listitem.dbtype,episode) + [Control.IsVisible(500) | Control.IsVisible(54)]] + ![String.IsEqual(listitem.dbtype,episode) + Window.IsVisible(MyVideoNav.xml) + [String.IsEqual(Container.ViewMode,$LOCALIZE[31102]) | String.IsEqual(Container.ViewMode,$LOCALIZE[31101])]]</visible>
			</control>
			<control type="label">
				<left>31</left>
				<top>156</top>
				<width>260</width>
				<label>$PARAM[thumb_label]</label>
				<font>font20_title</font>
				<shadowcolor>text_shadow</shadowcolor>
				<align>right</align>
				<visible>![String.IsEqual(listitem.dbtype,episode) + [Control.IsVisible(500) | Control.IsVisible(54)]] + ![String.IsEqual(listitem.dbtype,episode) + Window.IsVisible(MyVideoNav.xml) + [String.IsEqual(Container.ViewMode,$LOCALIZE[31102]) | String.IsEqual(Container.ViewMode,$LOCALIZE[31101])]]</visible>
			</control>
			<control type="image">
				<left>20</left>
				<top>116</top>
				<width>160</width>
				<height>70</height>
				<texture>overlays/overlay-bg.png</texture>
				<visible>ListItem.IsResumable | ListItem.IsPlaying | Integer.IsGreater(ListItem.Playcount,0)</visible>
			</control>
			<control type="image">
				<left>20</left>
				<top>153</top>
				<width>32</width>
				<height>32</height>
				<texture>$VAR[WallWatchedIconVar]</texture>
			</control>
			<control type="textbox">
				<left>28</left>
				<top>186</top>
				<width>262</width>
				<height>80</height>
				<font>font12</font>
				<align>center</align>
				<aligny>center</aligny>
				<label>$PARAM[label]</label>
				<autoscroll delay="1000" time="1000" repeat="1000">$PARAM[focused]</autoscroll>
				<visible>Window.IsActive(videos)</visible>
				<visible>!Window.IsVisible(script-script.extendedinfo-DialogVideoInfo.xml) + !Window.IsVisible(script-script.extendedinfo-DialogInfo.xml)</visible>
			</control>
			<control type="textbox">
				<left>28</left>
				<top>186</top>
				<width>262</width>
				<height>80</height>
				<font>font12</font>
				<align>center</align>
				<aligny>center</aligny>
				<label>$PARAM[label]</label>
				<autoscroll delay="1000" time="1000" repeat="1000">$PARAM[focused]</autoscroll>
				<visible>Window.IsVisible(script-script.extendedinfo-DialogVideoInfo.xml) | Window.IsVisible(script-script.extendedinfo-DialogInfo.xml)</visible>
			</control>
			<control type="group">
				<visible>!Window.IsActive(videos)</visible>
				<control type="label">
					<left>29</left>
					<top>195</top>
					<width>260</width>
					<label>$PARAM[sub_label]</label>
					<font>font12</font>
					<shadowcolor>text_shadow</shadowcolor>
					<scroll>$PARAM[focused]</scroll>
					<align>center</align>
				</control>
				<control type="label">
					<left>29</left>
					<top>225</top>
					<width>260</width>
					<label>$PARAM[main_label]</label>
					<font>font10</font>
					<shadowcolor>text_shadow</shadowcolor>
					<scroll>$PARAM[focused]</scroll>
					<align>center</align>
				</control>
			</control>
			<control type="image">
				<top>30</top>
				<left>20</left>
				<width>276</width>
				<height>237</height>
				<texture background="true" colordiffuse="BFFFFFFF">colors/black.png</texture>
				<visible>!$PARAM[focused]</visible>
				<visible>Skin.HasSetting(greyedout_watched) + Integer.IsGreater(ListItem.Playcount,0) + !Window.IsVisible(Home)</visible>
			</control>
			<control type="image">
				<top>30</top>
				<left>20</left>
				<width>276</width>
				<height>237</height>
				<texture background="true" colordiffuse="BFFFFFFF">colors/black.png</texture>
				<visible>!$PARAM[focused]</visible>
				<visible>Skin.HasSetting(greyedout_watched_home) + Integer.IsGreater(ListItem.Playcount,0) + Window.IsVisible(Home)</visible>
			</control>
			<control type="image">
				<left>20</left>
				<top>276</top>
				<width>276</width>
				<height>4</height>
				<texture>dialogs/back.png</texture>
				<visible>!Integer.IsEqual(ListItem.PercentPlayed,0)</visible>
			</control>
			<control type="progress">
				<left>20</left>
				<top>248</top>
				<width>276</width>
				<height>1</height>
				<texturebg></texturebg>
				<midtexture colordiffuse="$VAR[SkinColorVar]" border="3">progress/texturebg_alt_white.png</midtexture>
				<info>ListItem.PercentPlayed</info>
				<visible>!Integer.IsEqual(ListItem.PercentPlayed,0)</visible>
			</control>
			<control type="group">
				<left>133</left>
				<top>11</top>
				<include condition="Skin.HasSetting(circle_rating) | Skin.HasSetting(circle_userrating)">RatingCircle</include>
			</control>
			<control type="group">
				<left>133</left>
				<top>11</top>
				<visible>!$PARAM[focused]</visible>
				<visible>Skin.HasSetting(greyedout_watched) + Integer.IsGreater(ListItem.Playcount,0) + !Window.IsVisible(Home)</visible>
				<include condition="Skin.HasSetting(circle_rating) | Skin.HasSetting(circle_userrating)">RatingCircleGreyed</include>
			</control>
			<control type="group">
				<left>133</left>
				<top>11</top>
				<visible>!$PARAM[focused]</visible>
				<visible>Skin.HasSetting(greyedout_watched_home) + Integer.IsGreater(ListItem.Playcount,0) + Window.IsVisible(Home)</visible>
				<include condition="Skin.HasSetting(circle_rating) | Skin.HasSetting(circle_userrating)">RatingCircleGreyed</include>
			</control>
		</definition>
	</include>
	<include name="InfoWallEpisodeBannerLayout">
		<param name="main_label">$INFO[ListItem.Title]</param>
		<param name="sub_label">$INFO[ListItem.TVShowTitle]</param>
		<param name="thumb_label">$INFO[ListItem.Season,,x]$INFO[ListItem.Episode]</param>
		<param name="fallback_image">DefaultVideoFanart.png</param>
		<param name="focused">false</param>
		<param name="label">$INFO[ListItem.Label]</param>
		<definition>
			<control type="image">
				<top>10</top>
				<width>316</width>
				<height>316</height>
				<texture>dialogs/dialog-bg-nobo.png</texture>
				<bordertexture border="21">overlays/shadow.png</bordertexture>
				<bordersize>20</bordersize>
			</control>
			<control type="image">
				<top>7</top>
				<left>-4</left>
				<width>324</width>
				<height>324</height>
				<texture colordiffuse="$VAR[SkinColorVar]">colors/grey.png</texture>
				<bordertexture border="21">overlays/shadow.png</bordertexture>
				<bordersize>20</bordersize>
				<visible>$PARAM[focused]</visible>
				<include condition="$PARAM[focused]">Animation_FocusTextureFade</include>
			</control>
			<control type="image">
				<top>7</top>
				<left>-4</left>
				<width>324</width>
				<height>324</height>
				<texture colordiffuse="$VAR[GradientColorVar]">colors/gradient.png</texture>
				<bordertexture border="21">overlays/shadow.png</bordertexture>
				<bordersize>20</bordersize>
				<visible>$PARAM[focused]</visible>
				<include condition="$PARAM[focused]">Animation_FocusTextureFade</include>
				<visible>Skin.HasSetting(EnableGradientColor)</visible>
			</control>
			<control type="image">
				<left>20</left>
				<top>81</top>
				<width>276</width>
				<height>155</height>
				<texture fallback="$PARAM[fallback_image]" background="true">$VAR[InfoWallThumbVar]</texture>
				<aspectratio aligny="top">keep</aspectratio>
			</control>
			<control type="image">
				<left>20</left>
				<top>30</top>
				<width>276</width>
				<height>51</height>
				<texture fallback="$PARAM[fallback_image]" background="true">$VAR[BannerVar]</texture>
				<aspectratio aligny="top">keep</aspectratio>
			</control>
			<control type="image">
				<left>136</left>
				<top>166</top>
				<width>160</width>
				<height>70</height>
				<texture flipx="true">overlays/overlay-bg.png</texture>
				<visible>![String.IsEqual(listitem.dbtype,episode) + [Control.IsVisible(500) | Control.IsVisible(54)]]</visible>
			</control>
			<control type="label">
				<left>31</left>
				<top>206</top>
				<width>260</width>
				<label>$PARAM[thumb_label]</label>
				<font>font20_title</font>
				<shadowcolor>text_shadow</shadowcolor>
				<align>right</align>
				<visible>![String.IsEqual(listitem.dbtype,episode) + [Control.IsVisible(500) | Control.IsVisible(54)]]</visible>
			</control>
			<control type="image">
				<left>20</left>
				<top>166</top>
				<width>160</width>
				<height>70</height>
				<texture>overlays/overlay-bg.png</texture>
				<visible>ListItem.IsResumable | ListItem.IsPlaying | Integer.IsGreater(ListItem.Playcount,0)</visible>
			</control>
			<control type="image">
				<left>20</left>
				<top>203</top>
				<width>32</width>
				<height>32</height>
				<texture>$VAR[WallWatchedIconVar]</texture>
			</control>
			<control type="textbox">
				<left>28</left>
				<top>263</top>
				<width>262</width>
				<height>80</height>
				<font>font12</font>
				<align>center</align>
				<aligny>center</aligny>
				<label>$PARAM[label]</label>
				<visible>Window.IsActive(videos)</visible>
				<autoscroll delay="1000" time="1000" repeat="1000">$PARAM[focused]</autoscroll>
			</control>
			<control type="group">
				<visible>!Window.IsActive(videos)</visible>
				<control type="label">
					<left>29</left>
					<top>238</top>
					<width>260</width>
					<label>$PARAM[sub_label]</label>
					<font>font12</font>
					<shadowcolor>text_shadow</shadowcolor>
					<scroll>$PARAM[focused]</scroll>
					<align>center</align>
				</control>
				<control type="label">
					<left>29</left>
					<top>268</top>
					<width>260</width>
					<label>$PARAM[main_label]</label>
					<font>font10</font>
					<shadowcolor>text_shadow</shadowcolor>
					<scroll>$PARAM[focused]</scroll>
					<align>center</align>
				</control>
			</control>
			<control type="image">
				<top>30</top>
				<left>20</left>
				<width>276</width>
				<height>276</height>
				<texture background="true" colordiffuse="BFFFFFFF">colors/black.png</texture>
				<visible>!$PARAM[focused]</visible>
				<visible>Skin.HasSetting(greyedout_watched_home) + Integer.IsGreater(ListItem.Playcount,0) + Window.IsVisible(Home)</visible>
			</control>
			<control type="image">
				<left>20</left>
				<top>315</top>
				<width>276</width>
				<height>4</height>
				<texture>dialogs/back.png</texture>
				<visible>!Integer.IsEqual(ListItem.PercentPlayed,0)</visible>
			</control>
			<control type="progress">
				<left>20</left>
				<top>287</top>
				<width>276</width>
				<height>1</height>
				<texturebg></texturebg>
				<midtexture colordiffuse="$VAR[SkinColorVar]" border="3">progress/texturebg_alt_white.png</midtexture>
				<info>ListItem.PercentPlayed</info>
				<visible>!Integer.IsEqual(ListItem.PercentPlayed,0)</visible>
			</control>
			<control type="group">
				<left>133</left>
				<top>11</top>
				<include condition="Skin.HasSetting(circle_rating) | Skin.HasSetting(circle_userrating)">RatingCircle</include>
			</control>
			<control type="group">
				<left>133</left>
				<top>11</top>
				<visible>!$PARAM[focused]</visible>
				<visible>Skin.HasSetting(greyedout_watched_home) + Integer.IsGreater(ListItem.Playcount,0) + Window.IsVisible(Home)</visible>
				<include condition="Skin.HasSetting(circle_rating) | Skin.HasSetting(circle_userrating)">RatingCircleGreyed</include>
			</control>
		</definition>
	</include>
	<include name="InfoWallMovieLayout">
		<param name="focused">false</param>
		<definition>
			<control type="group">
				<visible>String.IsEmpty(ListItem.Art(poster))</visible>
				<control type="image">
					<left>15</left>
					<top>-10</top>
					<width>290</width>
					<height>400</height>
					<texture>dialogs/dialog-bg-nobo.png</texture>
					<bordertexture border="21">overlays/shadow.png</bordertexture>
					<bordersize>20</bordersize>
				</control>
				<control type="image">
					<left>15</left>
					<top>-10</top>
					<width>290</width>
					<height>400</height>
					<texture colordiffuse="$VAR[SkinColorVar]">colors/grey.png</texture>
					<bordersize>20</bordersize>
					<visible>$PARAM[focused]</visible>
					<include condition="$PARAM[focused]">Animation_FocusTextureFade</include>
				</control>
				<control type="image">
					<left>15</left>
					<top>-10</top>
					<width>290</width>
					<height>400</height>
					<texture colordiffuse="$VAR[GradientColorVar]">colors/gradient.png</texture>
					<bordersize>20</bordersize>
					<visible>$PARAM[focused]</visible>
					<include condition="$PARAM[focused]">Animation_FocusTextureFade</include>
					<visible>Skin.HasSetting(EnableGradientColor)</visible>
				</control>
				<control type="textbox">
					<left>40</left>
					<top>244</top>
					<width>242</width>
					<height>120</height>
					<font>font27</font>
					<align>center</align>
					<aligny>center</aligny>
					<label>$INFO[ListItem.Label]</label>
					<autoscroll time="2000" delay="3000" repeat="5000">$PARAM[focused]</autoscroll>
					<visible>!ListItem.IsParentFolder</visible>
				</control>
				<control type="image">
					<left>24</left>
					<top>-1</top>
					<width>272</width>
					<height>270</height>
					<texture fallback="DefaultMovies.png" background="true">$INFO[ListItem.Icon]</texture>
					<aspectratio>scale</aspectratio>
					<bordersize>20</bordersize>
					<visible>![String.IsEqual(listitem.dbtype,genre) + [String.IsEqual(Container(9000).ListItem.Property(widget),PersonalWidgetList) | String.IsEqual(Container(9000).ListItem.Property(widget),PersonalWidgetPanel) | Window.IsVisible(DialogContextMenu.xml) | Window.IsVisible(Custom_1107_SearchDialog.xml) | Window.IsVisible(DialogButtonMenu.xml) | Window.IsVisible(DialogBusy.xml) | Window.IsVisible(DialogVideoInfo.xml) | Window.IsVisible(DialogMusicInfo.xml)]]</visible>
				</control>
				<control type="image">
					<left>54</left>
					<top>40</top>
					<width>212</width>
					<height>212</height>
					<texture fallback="DefaultGenre.png">$VAR[WidgetGenreIconVar]</texture>
					<aspectratio align="center" aligny="center">keep</aspectratio>
					<visible>String.IsEqual(listitem.dbtype,genre) + [String.IsEqual(Container(9000).ListItem.Property(widget),PersonalWidgetList) | String.IsEqual(Container(9000).ListItem.Property(widget),PersonalWidgetPanel) | Window.IsVisible(DialogContextMenu.xml) | Window.IsVisible(Custom_1107_SearchDialog.xml) | Window.IsVisible(DialogButtonMenu.xml) | Window.IsVisible(DialogBusy.xml) | Window.IsVisible(DialogVideoInfo.xml) | Window.IsVisible(DialogMusicInfo.xml)]</visible>
				</control>
			</control>
			<control type="group">
				<visible>!String.IsEmpty(ListItem.Art(poster))</visible>
				<control type="image">
					<left>10</left>
					<top>-15</top>
					<width>300</width>
					<height>410</height>
					<texture colordiffuse="$VAR[SkinColorVar]">colors/grey.png</texture>
					<bordertexture border="21">overlays/shadow.png</bordertexture>
					<bordersize>20</bordersize>
					<visible>$PARAM[focused]</visible>
					<include condition="$PARAM[focused]">Animation_FocusTextureFade</include>
				</control>
				<control type="image">
					<left>10</left>
					<top>-15</top>
					<width>300</width>
					<height>410</height>
					<texture colordiffuse="$VAR[GradientColorVar]">colors/gradient.png</texture>
					<bordertexture border="21">overlays/shadow.png</bordertexture>
					<bordersize>20</bordersize>
					<visible>$PARAM[focused]</visible>
					<include condition="$PARAM[focused]">Animation_FocusTextureFade</include>
					<visible>Skin.HasSetting(EnableGradientColor)</visible>
				</control>
				<control type="image">
					<left>15</left>
					<top>-10</top>
					<width>290</width>
					<height>400</height>
					<texture background="true">$VAR[IconWallPosterVar]</texture>
					<aspectratio>stretch</aspectratio>
					<bordertexture border="21">overlays/shadow.png</bordertexture>
					<bordersize>20</bordersize>
				</control>
				<control type="image">
					<left>35</left>
					<top>290</top>
					<width>80</width>
					<height>80</height>
					<texture>overlays/overlay-bg.png</texture>
					<visible>ListItem.IsResumable | Listitem.IsCollection | ListItem.IsPlaying | Integer.IsGreater(ListItem.Playcount,0)</visible>
					<visible>![String.IsEqual(listitem.dbtype,genre) + [String.IsEqual(Container(9000).ListItem.Property(widget),PersonalWidgetList) | String.IsEqual(Container(9000).ListItem.Property(widget),PersonalWidgetPanel) | Window.IsVisible(DialogContextMenu.xml) | Window.IsVisible(Custom_1107_SearchDialog.xml) | Window.IsVisible(DialogButtonMenu.xml) | Window.IsVisible(DialogBusy.xml) | Window.IsVisible(DialogVideoInfo.xml) | Window.IsVisible(DialogMusicInfo.xml)]]</visible>
				</control>
			</control>
			<control type="group">
				<visible>String.IsEqual(ListItem.DBtype,tvshow)</visible>
				<top>320</top>
				<control type="image">
					<left>35</left>
					<top>0</top>
					<width>250</width>
					<height>50</height>
					<texture colordiffuse="CCFFFFFF">overlays/overlayfade.png</texture>
					<visible>!String.IsEmpty(ListItem.Art(poster)) + !String.IsEmpty(ListItem.Property(WatchedEpisodes)) + !String.IsEmpty(ListItem.Property(TotalEpisodes))</visible>
				</control>
				<control type="label">
					<left>0</left>
					<top>20</top>
					<width>244</width>
					<label>$INFO[ListItem.Property(WatchedEpisodes)]$INFO[ListItem.Property(TotalEpisodes), / ,]</label>
					<font>font20_title</font>
					<shadowcolor>text_shadow</shadowcolor>
					<align>right</align>
				</control>
				<control type="image">
					<left>254</left>
					<top>23</top>
					<width>24</width>
					<height>24</height>
					<texture>lists/played-total.png</texture>
					<visible>!String.IsEmpty(ListItem.Property(WatchedEpisodes)) + !String.IsEmpty(ListItem.Property(TotalEpisodes))</visible>
				</control>
			</control>
			<control type="image">
				<left>35</left>
				<top>338</top>
				<width>32</width>
				<height>32</height>
				<texture>$VAR[WallWatchedIconVar]</texture>
				<visible>![String.IsEqual(listitem.dbtype,genre) + [String.IsEqual(Container(9000).ListItem.Property(widget),PersonalWidgetList) | String.IsEqual(Container(9000).ListItem.Property(widget),PersonalWidgetPanel) | Window.IsVisible(DialogContextMenu.xml) | Window.IsVisible(Custom_1107_SearchDialog.xml) | Window.IsVisible(DialogButtonMenu.xml) | Window.IsVisible(DialogBusy.xml) | Window.IsVisible(DialogVideoInfo.xml) | Window.IsVisible(DialogMusicInfo.xml)]]</visible>
			</control>
			<control type="image">
				<left>35</left>
				<top>10</top>
				<width>250</width>
				<height>360</height>
				<texture background="true" colordiffuse="BFFFFFFF">colors/black.png</texture>
				<aspectratio>stretch</aspectratio>
				<visible>!$PARAM[focused]</visible>
				<visible>Skin.HasSetting(greyedout_watched) + Integer.IsGreater(ListItem.Playcount,0) + !Window.IsVisible(Home)</visible>
			</control>
			<control type="image">
				<left>35</left>
				<top>10</top>
				<width>250</width>
				<height>360</height>
				<texture background="true" colordiffuse="BFFFFFFF">colors/black.png</texture>
				<aspectratio>stretch</aspectratio>
				<visible>!$PARAM[focused]</visible>
				<visible>Skin.HasSetting(greyedout_watched_home) + Integer.IsGreater(ListItem.Playcount,0) + Window.IsVisible(Home)</visible>
			</control>
			<control type="group">
				<left>135</left>
				<top>-9</top>
				<include condition="Skin.HasSetting(circle_rating) | Skin.HasSetting(circle_userrating)">RatingCircle</include>
			</control>
			<control type="group">
				<left>135</left>
				<top>-9</top>
				<visible>!$PARAM[focused]</visible>
				<visible>Skin.HasSetting(greyedout_watched) + Integer.IsGreater(ListItem.Playcount,0) + !Window.IsVisible(Home)</visible>
				<include condition="Skin.HasSetting(circle_rating) | Skin.HasSetting(circle_userrating)">RatingCircleGreyed</include>
			</control>
			<control type="group">
				<left>135</left>
				<top>-9</top>
				<visible>!$PARAM[focused]</visible>
				<visible>Skin.HasSetting(greyedout_watched_home) + Integer.IsGreater(ListItem.Playcount,0) + Window.IsVisible(Home)</visible>
				<include condition="Skin.HasSetting(circle_rating) | Skin.HasSetting(circle_userrating)">RatingCircleGreyed</include>
			</control>
			<control type="image">
				<left>35</left>
				<top>379</top>
				<width>250</width>
				<height>4</height>
				<texture>dialogs/back.png</texture>
				<visible>!Integer.IsEqual(ListItem.PercentPlayed,0)</visible>
			</control>
			<control type="progress">
				<left>35</left>
				<top>351</top>
				<width>250</width>
				<height>1</height>
				<texturebg></texturebg>
				<midtexture colordiffuse="$VAR[SkinColorVar]" border="3">progress/texturebg_alt_white.png</midtexture>
				<info>ListItem.PercentPlayed</info>
				<visible>!Integer.IsEqual(ListItem.PercentPlayed,0)</visible>
			</control>
			<control type="group">
				<top>195</top>
				<visible>[Skin.HasSetting(enable_LibraryDiscArt) + !Window.IsVisible(Home)] | [Skin.HasSetting(enable_HomeDiscArt) + Window.IsVisible(Home)]</visible>
				<visible>$PARAM[focused]</visible>
				<visible>!String.IsEmpty(ListItem.Art(discart))</visible>
				<animation effect="slide" start="0,50" end="0,0" time="300" tween="cubic" easing="out" reversible="false">Focus</animation>
				<animation effect="fade" start="100" end="0" time="0">UnFocus</animation>
				<animation effect="slide" end="56,0" time="0" condition="Window.IsVisible(Home)">Conditional</animation>
				<animation effect="slide" end="11,0" time="0" condition="Control.IsVisible(54) | [String.IsEqual(Container.ViewMode,$LOCALIZE[31101]) + [Window.IsVisible(DialogSelect.xml) | Window.IsVisible(DialogContextMenu.xml) | Window.IsVisible(DialogBusy.xml) | Window.IsVisible(DialogKeyboard.xml) | Window.IsVisible(DialogConfirm.xml) | Window.IsVisible(DialogVideoInfo.xml)]]">Conditional</animation>
				<animation effect="slide" end="-57,0" time="0" condition="Window.IsVisible(script-globalsearch-main.xml)">Conditional</animation>
				<control type="image">
					<right>-6</right>
					<top>0</top>
					<width>172</width>
					<height>172</height>
					<texture background="true" colordiffuse="$VAR[SkinColorVar]">overlays/circle-172.png</texture>
					<aspectratio>keep</aspectratio>
					<visible>[!Skin.HasSetting(enable_LibraryDiscArtOverlay) + !Window.IsVisible(Home)] | [!Skin.HasSetting(enable_HomeDiscArtOverlay) + Window.IsVisible(Home)]</visible>
				</control>
				<control type="image">
					<right>-6</right>
					<top>0</top>
					<width>172</width>
					<height>172</height>
					<texture background="true" colordiffuse="$VAR[GradientColorVar]">overlays/circle-172-gradient.png</texture>
					<aspectratio>keep</aspectratio>
					<visible>[!Skin.HasSetting(enable_LibraryDiscArtOverlay) + !Window.IsVisible(Home)] | [!Skin.HasSetting(enable_HomeDiscArtOverlay) + Window.IsVisible(Home)]</visible>
					<visible>Skin.HasSetting(EnableGradientColor)</visible>
				</control>
				<control type="image">
					<right>-5</right>
					<top>1</top>
					<width>170</width>
					<height>170</height>
					<texture background="true">$INFO[ListItem.Art(discart)]</texture>
					<aspectratio>keep</aspectratio>
				</control>
			</control>
		</definition>
	</include>
	<include name="InfoWallThumbsLayout">
		<param name="focused">false</param>
		<definition>
			<control type="group">
				<visible>String.IsEmpty(ListItem.Art(poster)) + String.IsEmpty(ListItem.Art(fanart))</visible>
				<control type="image">
					<left>12</left>
					<top>-14</top>
					<width>597</width>
					<height>339</height>
					<texture colordiffuse="$VAR[SkinColorVar]">colors/grey.png</texture>
					<bordertexture border="21">overlays/shadow.png</bordertexture>
					<bordersize>20</bordersize>
					<visible>$PARAM[focused]</visible>
					<include condition="$PARAM[focused]">Animation_FocusTextureFade</include>
				</control>
				<control type="image">
					<left>12</left>
					<top>-14</top>
					<width>597</width>
					<height>339</height>
					<texture colordiffuse="$VAR[GradientColorVar]">colors/gradient.png</texture>
					<bordertexture border="21">overlays/shadow.png</bordertexture>
					<bordersize>20</bordersize>
					<visible>$PARAM[focused]</visible>
					<include condition="$PARAM[focused]">Animation_FocusTextureFade</include>
					<visible>Skin.HasSetting(EnableGradientColor)</visible>
				</control>
				<control type="image">
					<left>15</left>
					<top>-10</top>
					<width>590</width>
					<height>332</height>
					<texture>dialogs/dialog-bg-nobo.png</texture>
					<bordertexture border="21">overlays/shadow.png</bordertexture>
					<bordersize>20</bordersize>
				</control>
				<control type="textbox">
					<left>84</left>
					<top>220</top>
					<width>452</width>
					<height>80</height>
					<font>font27</font>
					<align>center</align>
					<aligny>center</aligny>
					<label>[B]$INFO[ListItem.Label][/B]</label>
					<autoscroll time="2000" delay="3000" repeat="5000">$PARAM[focused]</autoscroll>
					<visible>!ListItem.IsParentFolder</visible>
				</control>
				<control type="image">
					<left>40</left>
					<top>-1</top>
					<width>550</width>
					<height>270</height>
					<texture background="true">DefaultFolderBack.png</texture>
					<aspectratio align="center">keep</aspectratio>
					<bordersize>20</bordersize>
					<visible>ListItem.IsParentFolder</visible>
				</control>
				<control type="image">
					<left>40</left>
					<top>-1</top>
					<width>550</width>
					<height>270</height>
					<texture background="true">DefaultMovies.png</texture>
					<aspectratio align="center">keep</aspectratio>
					<bordersize>20</bordersize>
					<visible>!ListItem.IsParentFolder</visible>
				</control>
			</control>
			<control type="group">
				<visible>![String.IsEmpty(ListItem.Art(landscape)) + String.IsEmpty(ListItem.Art(fanart))]</visible>
				<control type="image">
					<left>12</left>
					<top>-14</top>
					<width>597</width>
					<height>339</height>
					<texture colordiffuse="$VAR[SkinColorVar]">colors/grey.png</texture>
					<bordertexture border="21">overlays/shadow.png</bordertexture>
					<bordersize>20</bordersize>
					<visible>$PARAM[focused]</visible>
					<include condition="$PARAM[focused]">Animation_FocusTextureFade</include>
				</control>
				<control type="image">
					<left>12</left>
					<top>-14</top>
					<width>597</width>
					<height>339</height>
					<texture colordiffuse="$VAR[GradientColorVar]">colors/gradient.png</texture>
					<bordertexture border="21">overlays/shadow.png</bordertexture>
					<bordersize>20</bordersize>
					<visible>$PARAM[focused]</visible>
					<include condition="$PARAM[focused]">Animation_FocusTextureFade</include>
					<visible>Skin.HasSetting(EnableGradientColor)</visible>
				</control>
				<control type="image">
					<left>15</left>
					<top>-10</top>
					<width>590</width>
					<height>332</height>
					<texture background="true">$VAR[InfoWidgetThumbVar]</texture>
					<aspectratio>stretch</aspectratio>
					<bordertexture border="21">overlays/shadow.png</bordertexture>
					<bordersize>20</bordersize>
				</control>
				<control type="image">
					<left>35</left>
					<top>222</top>
					<width>80</width>
					<height>80</height>
					<texture>overlays/overlay-bg.png</texture>
					<visible>ListItem.IsResumable | Listitem.IsCollection | ListItem.IsPlaying | Integer.IsGreater(ListItem.Playcount,0)</visible>
				</control>
				<control type="image">
					<left>35</left>
					<top>222</top>
					<width>550</width>
					<height>80</height>
					<texture colordiffuse="CCFFFFFF">overlays/overlayfade.png</texture>
					<visible>String.IsEmpty(ListItem.Art(landscape))</visible>
				</control>
				<control type="textbox">
					<left>84</left>
					<top>220</top>
					<width>452</width>
					<height>80</height>
					<font>font27</font>
					<align>center</align>
					<aligny>center</aligny>
					<label>[B]$INFO[ListItem.Label][/B]</label>
					<autoscroll time="2000" delay="3000" repeat="5000">$PARAM[focused]</autoscroll>
					<visible>String.IsEmpty(ListItem.Art(landscape))</visible>
				</control>
			</control>
			<control type="group">
				<visible>String.IsEqual(ListItem.DBtype,tvshow)</visible>
				<control type="image">
					<left>35</left>
					<top>262</top>
					<width>550</width>
					<height>40</height>
					<texture colordiffuse="CCFFFFFF">overlays/overlayfade.png</texture>
					<visible>!String.IsEmpty(ListItem.Art(landscape))</visible>
				</control>
				<control type="label">
					<left>298</left>
					<top>270</top>
					<width>244</width>
					<label>$INFO[ListItem.Property(WatchedEpisodes)]$INFO[ListItem.Property(TotalEpisodes), / ,]</label>
					<font>font20_title</font>
					<shadowcolor>text_shadow</shadowcolor>
					<align>right</align>
				</control>
				<control type="image">
					<left>552</left>
					<top>273</top>
					<width>24</width>
					<height>24</height>
					<texture>lists/played-total.png</texture>
				</control>
			</control>
			<control type="image">
				<left>35</left>
				<top>270</top>
				<width>32</width>
				<height>32</height>
				<texture>$VAR[WallWatchedIconVar]</texture>
			</control>
			<control type="image">
				<left>35</left>
				<top>10</top>
				<width>550</width>
				<height>292</height>
				<texture background="true" colordiffuse="BFFFFFFF">colors/black.png</texture>
				<aspectratio>stretch</aspectratio>
				<visible>!$PARAM[focused]</visible>
				<visible>Skin.HasSetting(greyedout_watched) + Integer.IsGreater(ListItem.Playcount,0)</visible>
			</control>
			<control type="group">
				<left>285</left>
				<top>-9</top>
				<include condition="Skin.HasSetting(circle_rating) | Skin.HasSetting(circle_userrating)">RatingCircle</include>
			</control>
			<control type="group">
				<left>285</left>
				<top>-9</top>
				<visible>!$PARAM[focused]</visible>
				<visible>Skin.HasSetting(greyedout_watched) + Integer.IsGreater(ListItem.Playcount,0)</visible>
				<include condition="Skin.HasSetting(circle_rating) | Skin.HasSetting(circle_userrating)">RatingCircleGreyed</include>
			</control>
			<control type="image">
				<left>35</left>
				<top>310</top>
				<width>550</width>
				<height>4</height>
				<texture>dialogs/back.png</texture>
				<visible>!Integer.IsEqual(ListItem.PercentPlayed,0)</visible>
			</control>
			<control type="progress">
				<left>35</left>
				<top>282</top>
				<width>550</width>
				<height>1</height>
				<texturebg></texturebg>
				<midtexture colordiffuse="$VAR[SkinColorVar]" border="3">progress/texturebg_alt_white.png</midtexture>
				<info>ListItem.PercentPlayed</info>
				<visible>!Integer.IsEqual(ListItem.PercentPlayed,0)</visible>
			</control>
			<control type="group">
				<top>126</top>
				<visible>Skin.HasSetting(enable_LibraryDiscArt)</visible>
				<visible>$PARAM[focused]</visible>
				<visible>!String.IsEmpty(ListItem.Art(discart))</visible>
				<animation effect="slide" start="0,50" end="0,0" time="300" tween="cubic" easing="out" reversible="false">Focus</animation>
				<animation effect="fade" start="100" end="0" time="0">UnFocus</animation>
				<animation effect="slide" end="281,0" time="0" condition="Control.IsVisible(505) | [String.IsEqual(Container.ViewMode,$LOCALIZE[40016]) + [Window.IsVisible(DialogSelect.xml) | Window.IsVisible(DialogContextMenu.xml) | Window.IsVisible(DialogBusy.xml) | Window.IsVisible(DialogKeyboard.xml) | Window.IsVisible(DialogConfirm.xml) | Window.IsVisible(DialogVideoInfo.xml)]]">Conditional</animation>
				<control type="image">
					<right>3</right>
					<top>0</top>
					<width>172</width>
					<height>172</height>
					<texture background="true" colordiffuse="$VAR[SkinColorVar]">overlays/circle-172.png</texture>
					<aspectratio>keep</aspectratio>
					<visible>!Skin.HasSetting(enable_LibraryDiscArtOverlay)</visible>
				</control>
				<control type="image">
					<right>3</right>
					<top>0</top>
					<width>172</width>
					<height>172</height>
					<texture background="true" colordiffuse="$VAR[GradientColorVar]">overlays/circle-172-gradient.png</texture>
					<aspectratio>keep</aspectratio>
					<visible>!Skin.HasSetting(enable_LibraryDiscArtOverlay)</visible>
					<visible>Skin.HasSetting(EnableGradientColor)</visible>
				</control>
				<control type="image">
					<right>4</right>
					<top>1</top>
					<width>170</width>
					<height>170</height>
					<texture background="true">$INFO[ListItem.Art(discart)]</texture>
					<aspectratio>keep</aspectratio>
				</control>
			</control>
		</definition>
	</include>
	<include name="View_54_InfoWall">
		<control type="group">
			<include>OpenClose_Right</include>
			<left>100</left>
			<top>0</top>
			<visible>Control.IsVisible(54)</visible>
			<include>Visible_Right</include>
			<control type="panel" id="54">
				<left>490</left>
				<top>0</top>
				<right>15</right>
				<height>100%</height>
				<oninfo condition="String.IsEqual(ListItem.DBType,set)">ActivateWindow(1132)</oninfo>
				<onleft condition="!Skin.HasSetting(KioskMode)">9000</onleft>
				<onright>531</onright>
				<onup condition="Integer.IsGreater(Container.NumPages,1)">54</onup>
				<onup condition="!Integer.IsGreater(Container.NumPages,1) + !Skin.HasSetting(KioskMode)">9000</onup>
				<ondown>54</ondown>
				<viewtype label="31101">icon</viewtype>
				<preloaditems>2</preloaditems>
				<pagecontrol>531</pagecontrol>
				<scrolltime tween="cubic" easing="out">500</scrolltime>
				<visible>Container.Content(artists) | Container.Content(albums) | Container.Content(sets) | Container.Content(movies) | Container.Content(tvshows) | Container.Content(seasons) | Container.Content(episodes) | Container.Content(musicvideos) | Container.Content(images) | Container.Content(videos)</visible>
				<itemlayout height="445" width="320" condition="Container.Content(movies) | Container.Content(sets) | Container.Content(tvshows) | Container.Content(seasons)">
					<control type="group">
						<left>30</left>
						<top>120</top>
						<include>InfoWallMovieLayout</include>
					</control>
				</itemlayout>
				<focusedlayout height="445" width="320" condition="Container.Content(movies) | Container.Content(sets) | Container.Content(tvshows) | Container.Content(seasons)">
					<control type="group">
						<depth>DepthContentPopout</depth>
						<left>30</left>
						<animation effect="zoom" start="100" end="109" time="200" tween="sine" easing="inout" center="200,300" condition="!Skin.HasSetting(no_animations)">Focus</animation>
						<animation effect="zoom" start="109" end="100" time="200" tween="sine" easing="inout" center="200,300" condition="!Skin.HasSetting(no_animations)">UnFocus</animation>
						<top>120</top>
						<include content="InfoWallMovieLayout">
							<param name="focused" value="true" />
						</include>
					</control>
				</focusedlayout>
				<itemlayout height="300" width="300" condition="Container.Content(episodes) | Container.Content(videos)">
					<control type="group">
						<left>64</left>
						<top>110</top>
						<include content="InfoWallEpisodeLayout">
							<param name="focused" value="false" />
							<param name="thumb_label" value="$INFO[ListItem.Label2]" />
						</include>
					</control>
				</itemlayout>
				<focusedlayout height="300" width="300" condition="Container.Content(episodes) | Container.Content(videos)">
					<control type="group">
						<depth>DepthContentPopout</depth>
						<animation effect="zoom" start="100" end="110" time="200" tween="sine" easing="inout" center="220,250" condition="!Skin.HasSetting(no_animations)">Focus</animation>
						<animation effect="zoom" start="110" end="100" time="200" tween="sine" easing="inout" center="220,250" condition="!Skin.HasSetting(no_animations)">UnFocus</animation>
						<left>64</left>
						<top>110</top>
						<include content="InfoWallEpisodeLayout">
							<param name="focused" value="true" />
							<param name="thumb_label" value="$INFO[ListItem.Label2]" />
						</include>
					</control>
				</focusedlayout>
				<itemlayout height="410" width="310" condition="Container.Content(artists) | Container.Content(albums) | Container.Content(musicvideos)">
					<control type="group">
						<top>150</top>
						<left>40</left>
						<include>InfoWallMusicLayout</include>
					</control>
				</itemlayout>
				<focusedlayout height="410" width="310" condition="Container.Content(artists) | Container.Content(albums) | Container.Content(musicvideos)">
					<control type="group">
						<depth>DepthContentPopout</depth>
						<animation effect="zoom" start="100" end="115" time="200" tween="sine" easing="inout" center="200,350" condition="!Skin.HasSetting(no_animations)">Focus</animation>
						<animation effect="zoom" start="115" end="100" time="200" tween="sine" easing="inout" center="200,350" condition="!Skin.HasSetting(no_animations)">UnFocus</animation>
						<top>150</top>
						<left>40</left>
						<include content="InfoWallMusicLayout">
							<param name="focused" value="true" />
						</include>
					</control>
				</focusedlayout>
				<itemlayout height="400" width="378" condition="Container.Content(images)">
					<control type="group">
						<left>0</left>
						<top>150</top>
						<include>InfoWallPictureLayout</include>
					</control>
				</itemlayout>
				<focusedlayout height="400" width="378" condition="Container.Content(images)">
					<control type="group">
						<depth>DepthContentPopout</depth>
						<left>0</left>
						<top>150</top>
						<animation effect="zoom" start="100" end="110" time="200" tween="sine" easing="inout" center="180,330" condition="!Skin.HasSetting(no_animations)">Focus</animation>
						<animation effect="zoom" start="110" end="100" time="200" tween="sine" easing="inout" center="180,330" condition="!Skin.HasSetting(no_animations)">UnFocus</animation>
						<include content="InfoWallPictureLayout">
							<param name="focused" value="true" />
						</include>
					</control>
				</focusedlayout>
			</control>
		</control>
	</include>
</includes>